rollout/ep_len_mean,time/fps,rollout/ep_rew_mean,time/total_timesteps,time/iterations,time/time_elapsed,train/clip_fraction,train/loss,train/explained_variance,train/std,train/n_updates,train/learning_rate,train/policy_gradient_loss,train/approx_kl,train/value_loss,train/entropy_loss,train/clip_range
34.0,19212,-0.000977672403678298,524288,1,27,,,,,,,,,,,
34.0,18151,-0.000977672403678298,1048576,2,57,0.06804132461547852,-0.10424124449491501,-8.950557708740234,1.0092530250549316,8,0.0003,-0.004935790035233367,0.0064728605,0.008564411478801048,-9.985591795295477,0.2
34.0,17219,-0.000977672403678298,1572864,3,91,0.05339837074279785,-0.10472453385591507,-0.3455085754394531,1.015038013458252,16,0.0003,-0.0039078513550521166,0.005406475,0.0005558930973847964,-10.03257368132472,0.2
250.0,16741,0.045805824770177424,2097152,4,125,0.03927159309387207,-0.1037432998418808,-0.22325372695922852,1.020306944847107,24,0.0003,-0.002897016355291271,0.0046713846,0.0003021242151817205,-10.068948172032833,0.2
247.85,17244,0.04711189138044574,2621440,5,152,0.023700475692749023,-0.10198578238487244,-2.031550884246826,1.0303207635879517,32,0.0003,-0.0010820524896644201,0.0035951505,0.00015227134909423512,-10.12844229862094,0.2
246.56,17159,0.05030145671142236,3145728,6,183,0.0317230224609375,-0.1035052165389061,-0.651840090751648,1.0352540016174316,40,0.0003,-0.0023838711631469778,0.0042521777,7.734206317877579e-05,-10.170744769275188,0.2
244.9,17056,0.05993607866501407,3670016,7,215,0.04728245735168457,-0.1028205156326294,0.037857770919799805,1.043472170829773,48,0.0003,-0.0020960244874004275,0.005048329,0.0004327543346107632,-10.218862503767014,0.2
250.0,17016,0.0947945176702342,4194304,8,246,0.0530400276184082,-0.10647951811552048,0.07053446769714355,1.0522661209106445,56,0.0003,-0.002240246779365407,0.005321683,0.0007135623033605043,-10.275214150547981,0.2
239.87,17295,0.09231569767027395,4718592,9,272,0.050479888916015625,-0.1066533699631691,0.02426248788833618,1.056668758392334,64,0.0003,-0.0037797726283770317,0.0052077835,0.00012541356107931279,-10.313828136771917,0.2
214.97,17128,0.1709574183486984,5242880,10,306,0.07888579368591309,-0.10999549180269241,0.3693840503692627,1.0589507818222046,72,0.0003,-0.005661803910697927,0.006777031,0.00012362217466943548,-10.331291764974594,0.2
174.21,16829,0.8119939770986093,5767168,11,342,0.07051515579223633,-0.10643172264099121,0.17191684246063232,1.0709974765777588,80,0.0003,-0.002140009643653684,0.006830507,0.0017360491134468248,-10.392356425523758,0.2
250.0,16644,0.27219000133569354,6291456,12,377,0.06531643867492676,-0.10607847571372986,0.08702892065048218,1.0832306146621704,88,0.0003,-0.0015250126928094687,0.0065312143,0.0016230751438115476,-10.472036600112915,0.2
211.48,16745,0.42943353732232936,6815744,13,407,0.06521797180175781,-0.10996834188699722,0.03737407922744751,1.0929195880889893,96,0.0003,-0.0025328755400551017,0.006183413,0.0005529875535330575,-10.539975810796022,0.2
148.71,16459,0.5241463123261929,7340032,14,445,0.08278298377990723,-0.10916213691234589,0.09485483169555664,1.1030954122543335,104,0.0003,-0.002686439369654181,0.0073223496,0.0018468510653519843,-10.605568997561932,0.2
207.43,16230,0.7009896142035723,7864320,15,484,0.066253662109375,-0.10865194350481033,0.010142982006072998,1.1184676885604858,112,0.0003,-0.0012465784591313422,0.006632222,0.00619385022764618,-10.690127041190863,0.2
153.84,16108,0.47555848136544226,8388608,16,520,0.06383323669433594,-0.10793544352054596,0.055946946144104004,1.1332004070281982,120,0.0003,-0.0013185451182380348,0.0066606365,0.00345921962571083,-10.789120722562075,0.2
107.13,16016,0.42089895308017733,8912896,17,556,0.0816032886505127,-0.11039209365844727,0.2343234419822693,1.1427620649337769,128,0.0003,-0.0028992508964620356,0.0070984717,0.0013256236420602363,-10.854297999292612,0.2
181.02,15863,0.7219308893382549,9437184,18,594,0.07739686965942383,-0.11035674810409546,0.0801439881324768,1.155564546585083,136,0.0003,-0.0016840357670844242,0.006712916,0.004720189066119929,-10.924370389431715,0.2
156.06,15735,0.8709752537414898,9961472,19,633,0.07602286338806152,-0.11093230545520782,0.14804208278656006,1.1752088069915771,144,0.0003,-0.0009485420728196914,0.007862918,0.009018384123010037,-11.028588071465492,0.2
152.95,15646,0.8192817793041468,10485760,20,670,0.0789637565612793,-0.11187563091516495,0.19882583618164062,1.1914812326431274,152,0.0003,-0.0013569598716003384,0.0072597004,0.006233058555153548,-11.133285325020552,0.2
145.88,15532,0.9032538865506649,11010048,21,708,0.0748438835144043,-0.11397027224302292,0.25616204738616943,1.2077522277832031,160,0.0003,-0.0011264369627497217,0.006658906,0.0061263446923476295,-11.230035364627838,0.2
183.53,15439,1.1059508246183396,11534336,22,747,0.0695958137512207,-0.11229819059371948,0.25262516736984253,1.225585699081421,168,0.0003,-0.0006513115251891577,0.006152585,0.010342082268834929,-11.32579244300723,0.2
152.08,15351,0.8280938535183668,12058624,23,785,0.07020854949951172,-0.11518051475286484,0.2635039687156677,1.242116928100586,176,0.0003,-0.0008407495845403901,0.0063384455,0.008569622927097953,-11.424846969544888,0.2
136.42,15277,0.7074609976261854,12582912,24,823,0.07051849365234375,-0.11652019619941711,0.2569235563278198,1.2572523355484009,184,0.0003,-0.0007210355513507238,0.0064268955,0.008872624190189526,-11.509308498352766,0.2
180.95,15199,0.9735842645913363,13107200,25,862,0.06850457191467285,-0.11706985533237457,0.2970426678657532,1.2709249258041382,192,0.0003,-0.0008704388503701921,0.00618014,0.0074969772267650114,-11.586497262120247,0.2
165.3,15132,1.0120868979394435,13631488,26,900,0.06384611129760742,-0.11504586040973663,0.3548784852027893,1.2856743335723877,200,0.0003,-0.0004566444176816731,0.0062676286,0.009011080055643106,-11.665646776556969,0.2
173.75,15069,0.9671799910068511,14155776,27,939,0.0668642520904541,-0.11725359410047531,0.3440375328063965,1.297844409942627,208,0.0003,-0.0005806266337913257,0.0060457317,0.007163401767684263,-11.730507522821426,0.2
174.92,15012,1.0301601058989762,14680064,28,977,0.07825183868408203,-0.11983835697174072,0.3564888834953308,1.3177049160003662,216,0.0003,-0.0006533290217021204,0.0072565274,0.014017574427271029,-11.82491660118103,0.2
182.58,14957,1.0647427505999802,15204352,29,1016,0.0635833740234375,-0.11896549165248871,0.31128156185150146,1.3357622623443604,224,0.0003,-0.00034947049311995215,0.0054735257,0.01014802801728365,-11.924049627035856,0.2
173.62,14905,1.1438332345336675,15728640,30,1055,0.07569599151611328,-0.12017202377319336,0.5045046508312225,1.3529952764511108,232,0.0003,-0.00038763867178204237,0.0065837214,0.015407600401886157,-12.00984999164939,0.2
159.5,14858,1.0261871434748173,16252928,31,1093,0.07494592666625977,-0.12160327285528183,0.33046048879623413,1.3698123693466187,240,0.0003,-0.00036870644726150203,0.006538548,0.015170352311542956,-12.096903707832098,0.2
137.59,14815,0.8064615842700005,16777216,32,1132,0.07962274551391602,-0.12226038426160812,0.4996514916419983,1.389624834060669,248,0.0003,-0.000538591567419644,0.007083009,0.017016003890603315,-12.190028570592403,0.2
145.17,14771,0.9285985732823611,17301504,33,1171,0.07850933074951172,-0.12231440097093582,0.6800785660743713,1.413922667503357,256,0.0003,-0.00017395246391060937,0.0068268473,0.015923535416732193,-12.302289467304945,0.2
151.13,14727,0.9566496716439724,17825792,34,1210,0.0762319564819336,-0.12584003806114197,0.40105438232421875,1.4338469505310059,264,0.0003,-0.0003169032386267645,0.0071424926,0.012738429590172018,-12.406186990439892,0.2
154.26,14684,1.0338892066478729,18350080,35,1249,0.09055876731872559,-0.12348685413599014,0.4187699556350708,1.454790472984314,272,0.0003,-0.0003102064065387822,0.008844141,0.015085960912983865,-12.504603929817677,0.2
141.86,14640,0.9480705280601979,18874368,36,1289,0.08623099327087402,-0.12582747638225555,0.5360579788684845,1.477700114250183,280,0.0003,-5.492094578585238e-05,0.007377318,0.020259352368157124,-12.604647420346737,0.2
140.01,14599,0.9459985940158367,19398656,37,1328,0.08354043960571289,-0.12630343437194824,0.5497557520866394,1.5012009143829346,288,0.0003,-0.0001570744552736869,0.007664268,0.015697545084549347,-12.71807499974966,0.2
142.21,14555,0.9072071965038776,19922944,38,1368,0.09289336204528809,-0.1267712563276291,0.6189337074756622,1.5275007486343384,296,0.0003,-0.00023389592502098822,0.008902381,0.015370902405265952,-12.832122914493084,0.2
144.83,14515,1.1490833716094493,20447232,39,1408,0.09390783309936523,-0.12881769239902496,0.6089890897274017,1.5535088777542114,304,0.0003,-0.00043252511954960937,0.0088154,0.02102206435665721,-12.94740978255868,0.2
124.13,14477,0.8608207076042891,20971520,40,1448,0.09293746948242188,-0.12933886051177979,0.6173430979251862,1.5815484523773193,312,0.0003,-0.00016024913770706917,0.007824,0.02658066309231799,-13.068608954548836,0.2
122.27,14440,0.7854204474389553,21495808,41,1488,0.08613395690917969,-0.13037587702274323,0.5865164995193481,1.6128588914871216,320,0.0003,-0.000487701039219246,0.0083082,0.020185806475637946,-13.200073439627886,0.2
132.72,14400,0.8186166994273663,22020096,42,1529,0.09927725791931152,-0.13094115257263184,0.5513925850391388,1.6426901817321777,328,0.0003,3.9503613606939325e-05,0.008246852,0.024694173313037027,-13.329729802906513,0.2
117.0,14363,0.754562570899725,22544384,43,1569,0.09483742713928223,-0.13236436247825623,0.6907726526260376,1.6712898015975952,336,0.0003,-9.173513808491407e-05,0.008966107,0.02472798784947372,-13.448963604867458,0.2
140.07,14329,0.805760607868433,23068672,44,1609,0.09922146797180176,-0.13295944035053253,0.510745108127594,1.7017757892608643,344,0.0003,-0.00016598226716268982,0.0087216,0.02430205826749443,-13.57426031678915,0.2
145.62,14294,1.0037789150327443,23592960,45,1650,0.09402918815612793,-0.1327493041753769,0.562478631734848,1.7299314737319946,352,0.0003,-0.0002995786489918828,0.0075308736,0.01921712398325326,-13.692363422363997,0.2
124.61,14262,0.7655015795677901,24117248,46,1690,0.10790824890136719,-0.13594527542591095,0.545063853263855,1.7555450201034546,360,0.0003,7.41116457447788e-05,0.008936157,0.02112388262685272,-13.796554788947105,0.2
137.64,14227,0.8159843011945486,24641536,47,1731,0.10439395904541016,-0.13699325919151306,0.5297083556652069,1.7872849702835083,368,0.0003,-0.000137650010174184,0.009666904,0.017993528781516943,-13.911437425762415,0.2
145.8,14193,1.0367005524039268,25165824,48,1772,0.10814380645751953,-0.13786114752292633,0.5692698359489441,1.8213387727737427,376,0.0003,-4.375594426164753e-05,0.009895516,0.025286915257311193,-14.036517526954412,0.2
139.71,14162,0.9384839780256152,25690112,49,1813,0.10097146034240723,-0.13789427280426025,0.6659179925918579,1.8538106679916382,384,0.0003,7.907729786893469e-05,0.008576974,0.027007211170712253,-14.15938937664032,0.2
120.94,14133,0.7430588453263044,26214400,50,1854,0.10017657279968262,-0.1421363651752472,0.6946748197078705,1.8841629028320312,392,0.0003,-0.00016535252257199318,0.008257413,0.019285066224256298,-14.280758704990149,0.2
140.71,14103,0.9007604521512985,26738688,51,1895,0.10867023468017578,-0.14211934804916382,0.5197969377040863,1.9199105501174927,400,0.0003,-0.00016798697811282182,0.00946564,0.021616958332742797,-14.405353046953678,0.2
125.19,14077,0.7412932627275586,27262976,52,1936,0.10934829711914062,-0.1436367928981781,0.6037203073501587,1.9567217826843262,408,0.0003,0.00010985422295561875,0.009534159,0.021339547263778513,-14.535579539835453,0.2
122.63,14052,0.8727736145630479,27787264,53,1977,0.10331439971923828,-0.1459415853023529,0.545846551656723,1.988196611404419,416,0.0003,-0.000189837335710763,0.0087323375,0.02071961925321375,-14.649189446121454,0.2
128.89,14027,1.0435588145256043,28311552,54,2018,0.10147690773010254,-0.14601503312587738,0.5495124757289886,2.026820421218872,424,0.0003,-8.475198637825088e-05,0.009311121,0.02120825755991973,-14.775811105966568,0.2
137.53,14003,1.0481041084975005,28835840,55,2059,0.10235714912414551,-0.14772136509418488,0.5586206316947937,2.058532238006592,432,0.0003,-0.00010360209421378386,0.008947939,0.020673407987487735,-14.887114278972149,0.2
116.04,13980,0.8665448619425297,29360128,56,2100,0.11818909645080566,-0.1486000418663025,0.5411584973335266,2.095309257507324,440,0.0003,-0.00017562937659931777,0.0095916,0.02861879793999833,-15.001455292105675,0.2
121.73,13956,0.7720424552448094,29884416,57,2141,0.11252951622009277,-0.1484147012233734,0.5942738652229309,2.133279800415039,448,0.0003,-0.0003231605494420364,0.009938374,0.027031924477341818,-15.124606031924486,0.2
123.8,13933,0.7027703224122525,30408704,58,2182,0.10928964614868164,-0.14961999654769897,0.5555739104747772,2.168897867202759,456,0.0003,-3.074887683851557e-05,0.009435905,0.028921547091158573,-15.238652803003788,0.2
125.86,13912,0.7256727527454495,30932992,59,2223,0.11504650115966797,-0.15242350101470947,0.5892447233200073,2.2070322036743164,464,0.0003,-0.000173617762811773,0.010971351,0.023499099697801284,-15.356184270232916,0.2
110.59,13892,0.8207988800108432,31457280,60,2264,0.1132969856262207,-0.1498546451330185,0.5680970847606659,2.2518014907836914,472,0.0003,5.850024922438024e-05,0.011790207,0.023944933873281116,-15.483946587890387,0.2
110.02,13873,0.6101985043659807,31981568,61,2305,0.11106371879577637,-0.15371482074260712,0.5785253942012787,2.2895171642303467,480,0.0003,-0.0003681495586533856,0.009923833,0.02791320592223201,-15.60678355395794,0.2
130.51,13854,0.8275378413498402,32505856,62,2346,0.11798477172851562,-0.15672235190868378,0.5770358741283417,2.3331921100616455,488,0.0003,-0.00016212851824093377,0.01091885,0.028439674562832806,-15.730928517878056,0.2
118.07,13836,0.7846784090995789,33030144,63,2387,0.12331843376159668,-0.1566459983587265,0.6075115501880646,2.384089231491089,496,0.0003,-0.0001398179159650681,0.010779929,0.026545607008301886,-15.870846085250378,0.2
118.27,13816,0.7666427314653993,33554432,64,2428,0.11224198341369629,-0.15639373660087585,0.49666720628738403,2.427251100540161,504,0.0003,-5.051028256275458e-05,0.011306153,0.028173441482067574,-16.002669643610716,0.2
118.96,13799,0.7248183838650584,34078720,65,2469,0.11477899551391602,-0.16080546379089355,0.5484963357448578,2.4725120067596436,512,0.0003,-0.00031020657138469687,0.0103826225,0.028957174487004522,-16.12938505411148,0.2
119.69,13785,0.6163827843219042,34603008,66,2510,0.12218427658081055,-0.16103745996952057,0.6463871896266937,2.527886390686035,520,0.0003,-0.0001136161595240992,0.0111755915,0.03141960323409876,-16.27318673580885,0.2
135.31,13771,1.058856620155275,35127296,67,2550,0.11328244209289551,-0.16102902591228485,0.5710774958133698,2.5771496295928955,528,0.0003,5.756852920058009e-05,0.0101985,0.030309085399494506,-16.408899545669556,0.2
127.06,13758,1.0244395597279072,35651584,68,2591,0.11938762664794922,-0.16330355405807495,0.584809273481369,2.630704879760742,536,0.0003,-0.000233766212431874,0.009972213,0.0392080493766116,-16.54729223996401,0.2
118.93,13747,0.8158180618286133,36175872,69,2631,0.10604000091552734,-0.16504870355129242,0.5949300527572632,2.6808769702911377,544,0.0003,-9.54016486502951e-05,0.009428593,0.03522033710760297,-16.680794596672058,0.2
132.28,13736,0.7616539636999369,36700160,70,2671,0.11081314086914062,-0.1659993678331375,0.5784300565719604,2.7277204990386963,552,0.0003,-0.00027547289641915995,0.009389753,0.030908250766515266,-16.80077937245369,0.2
133.58,13725,0.91132319111377,37224448,71,2711,0.10729026794433594,-0.16731853783130646,0.6105435192584991,2.772151470184326,560,0.0003,-0.00031018104505164956,0.009597927,0.03256711032008752,-16.909257970750332,0.2
144.57,13716,0.982042214050889,37748736,72,2752,0.11741995811462402,-0.1659231185913086,0.5925950109958649,2.822580575942993,568,0.0003,-0.000376806828626286,0.010891472,0.04379990125016775,-17.029785633087158,0.2
116.84,13707,0.8573832524567843,38273024,73,2792,0.11735200881958008,-0.16738486289978027,0.5674996078014374,2.86871075630188,576,0.0003,-0.0003316554159482621,0.011235416,0.03889289330254542,-17.14303957670927,0.2
114.48,13700,0.5567078403756023,38797312,74,2831,0.12074923515319824,-0.1697338968515396,0.5545090734958649,2.9150779247283936,584,0.0003,-0.00038741176558687584,0.011364998,0.043800494546303526,-17.25079984217882,0.2
130.23,13692,0.8697251550480724,39321600,75,2871,0.12028789520263672,-0.17129021883010864,0.6259241104125977,2.9733126163482666,592,0.0003,-0.00028887522523746156,0.010147231,0.04159116037772037,-17.380453512072563,0.2
123.7,13684,0.6906991137936711,39845888,76,2911,0.114654541015625,-0.17057353258132935,0.5801721811294556,3.0219435691833496,600,0.0003,-0.0005106375053856027,0.0104739,0.043068319937447086,-17.50042401254177,0.2
124.09,13676,0.9469210556522012,40370176,77,2951,0.11458182334899902,-0.1727287769317627,0.5502740442752838,3.082214117050171,608,0.0003,-0.00018021804521595186,0.009828014,0.03944279395363992,-17.623252391815186,0.2
122.31,13669,0.8562097201123834,40894464,78,2991,0.11858749389648438,-0.1753997653722763,0.5460719764232635,3.140873908996582,616,0.0003,-0.00039768075384927215,0.010059446,0.04030009729467565,-17.75956553965807,0.2
148.83,13663,1.0179124456271529,41418752,79,3031,0.1148838996887207,-0.17617027461528778,0.5310677587985992,3.1932172775268555,624,0.0003,-0.00011966440115429577,0.009670652,0.03815875134750968,-17.876772798597813,0.2
123.91,13657,0.8842344697192311,41943040,80,3071,0.11727190017700195,-0.1755129098892212,0.7148432731628418,3.248098850250244,632,0.0003,-0.0007915297630916029,0.010974612,0.04305215148633579,-17.987692140042782,0.2
132.03,13651,1.4907816473394633,42467328,81,3110,0.1079251766204834,-0.17804527282714844,0.6506434679031372,3.310581922531128,640,0.0003,-0.0011343387539000105,0.012729378,0.044393110743840225,-18.11318702250719,0.2
139.23,13651,0.65395946983248,42991616,82,3149,0.08170166015625,-0.17741478979587555,0.6111886501312256,3.330723762512207,642,0.0003,0.0011817244480230979,0.03525908,0.041533038233007705,-18.166457312447683,0.2
132.43,13646,0.9387259238958359,43515904,83,3188,0.12001657485961914,-0.18002237379550934,0.5385958254337311,3.3992159366607666,650,0.0003,-0.00013609951679427468,0.011291232,0.03845175418246072,-18.29456315934658,0.2
131.81,13641,0.8471268707513809,44040192,84,3228,0.12154507637023926,-0.18098272383213043,0.589570164680481,3.4535224437713623,658,0.0003,-0.00033452373054387863,0.010188254,0.04062754006736213,-18.40536282211542,0.2
129.38,13635,0.7547678266093135,44564480,85,3268,0.1294240951538086,-0.18133652210235596,0.5904261469841003,3.5229015350341797,666,0.0003,-0.00037142748124097125,0.0108525045,0.04964151875174139,-18.532112538814545,0.2
111.03,13629,0.9431435730680824,45088768,86,3308,0.11748933792114258,-0.18219560384750366,0.5957164466381073,3.5781474113464355,674,0.0003,-0.00031044228273913177,0.010561253,0.04952648490143474,-18.649438746273518,0.2
132.96,13623,0.8285114520788193,45613056,87,3348,0.11732316017150879,-0.18319948017597198,0.5963049530982971,3.6295504570007324,682,0.0003,-0.0008013347885480471,0.010745406,0.047456347092520446,-18.749085947871208,0.2
121.38,13616,0.7948242032527923,46137344,88,3388,0.10977768898010254,-0.1841869056224823,0.5873769223690033,3.698007106781006,690,0.0003,-0.0004679319304159435,0.010444127,0.05221429839730263,-18.86908020079136,0.2
107.18,13611,0.8669434006139636,46661632,89,3428,0.12244129180908203,-0.18328222632408142,0.5487752258777618,3.760416030883789,698,0.0003,-0.0003633422040820733,0.011009729,0.05258848312951159,-18.984832897782326,0.2
124.35,13606,0.7843989679869264,47185920,90,3467,0.11761188507080078,-0.18795453011989594,0.5699099898338318,3.8256537914276123,706,0.0003,-0.0004990743570942868,0.011010671,0.048695215285988525,-19.104642897844315,0.2
121.01,13602,0.7840951547399163,47710208,91,3507,0.1101694107055664,-0.1867309957742691,0.6174259185791016,3.889666795730591,714,0.0003,-0.00034573809170979075,0.009719731,0.04949352241237648,-19.2172938734293,0.2
137.66,13602,0.8353413749858737,48234496,92,3546,0.06758335658482142,-0.1873805820941925,0.6293690800666809,3.896153450012207,715,0.0003,0.0004488714455094721,0.015156341,0.0526337841791766,-19.253339494977677,0.2
120.31,13602,0.7606216122955084,48758784,93,3584,0.072998046875,-0.18713903427124023,0.5287025272846222,3.904729127883911,716,0.0003,0.0007506535427334408,0.010921832,0.050443640599648155,-19.267671426137287,0.2
120.44,13598,0.9557634112983941,49283072,94,3624,0.10774445533752441,-0.18949264287948608,0.5458473265171051,3.960813045501709,724,0.0003,-0.0005792146387193498,0.009295,0.05382009314780589,-19.35230877250433,0.2
122.23,13594,0.8823817698657512,49807360,95,3663,0.11663341522216797,-0.1910131424665451,0.595684289932251,4.028891563415527,732,0.0003,-0.0005913018708270101,0.010571029,0.058314899302786216,-19.453397944569588,0.2
124.21,13590,1.2073891220241786,50331648,96,3703,0.11524772644042969,-0.1919739693403244,0.6376177072525024,4.105123519897461,740,0.0003,-0.0005134704390457046,0.00996803,0.045090943611285184,-19.579314470291138,0.2
123.53,13587,1.1300486152619122,50855936,97,3742,0.10948095428809691,-0.194571390748024,0.6264170706272125,4.164628028869629,746,0.0003,-0.00042914243688377854,0.020912847,0.04807622935832216,-19.673737236623015,0.2
121.29,13587,0.7480398296564817,51380224,98,3781,0.07919150904605263,-0.18869885802268982,0.6703638136386871,4.174042701721191,747,0.0003,-0.000211305499665047,0.014426747,0.06386525595658704,-19.710125872963353,0.2
116.53,13587,0.6736881827563047,51904512,99,3820,0.08693214699074074,-0.19197414815425873,0.5303892195224762,4.193556785583496,748,0.0003,0.00046456885886275105,0.010209525,0.06027502773536576,-19.7360861742938,0.2
120.54,13583,0.8569517534226179,52428800,100,3859,0.11224246025085449,-0.1946047842502594,0.5644319355487823,4.255039215087891,756,0.0003,-0.00032792173624329735,0.0087954085,0.05083930214459542,-19.827120549976826,0.2
115.34,13578,0.8773723501036875,52953088,101,3899,0.11331582069396973,-0.19533924758434296,0.6621753871440887,4.327554702758789,764,0.0003,-0.00019684228391270153,0.009927463,0.06174133392050862,-19.935644403100014,0.2
137.74,13580,0.821179443821311,53477376,102,3937,0.07651654411764706,-0.19396139681339264,0.6298984289169312,4.333714485168457,765,0.0003,0.00036377580973374495,0.011347864,0.05312126699615927,-19.965254054350012,0.2
128.81,13577,1.048483227537945,54001664,103,3977,0.12807750701904297,-0.19573843479156494,0.5891851782798767,4.408254623413086,773,0.0003,-0.00046497645439558255,0.011006504,0.06390094089147169,-20.058780319988728,0.2
134.92,13575,0.973585587143898,54525952,104,4016,0.11406540870666504,-0.19778677821159363,0.6029614508152008,4.480674743652344,781,0.0003,-0.00024383456388932245,0.012029234,0.061845735704991966,-20.165691636502743,0.2
130.42,13572,0.832404364682734,55050240,105,4056,0.11884331703186035,-0.1994001865386963,0.5435475409030914,4.55313777923584,789,0.0003,-0.00048701903517667233,0.009574514,0.056335589179070666,-20.272592067718506,0.2
133.87,13569,0.6255456512421369,55574528,106,4095,0.1236574649810791,-0.2012309432029724,0.5943517684936523,4.622199058532715,797,0.0003,-0.00033459572523497627,0.009715572,0.04394309193594381,-20.37877744436264,0.2
126.12,13567,1.3343448056280613,56098816,107,4134,0.11385893821716309,-0.20192959904670715,0.608593612909317,4.685522556304932,805,0.0003,-0.0003560905502126843,0.010270676,0.04704117160872556,-20.468388132750988,0.2
138.62,13564,0.6838037213496864,56623104,108,4174,0.12405276298522949,-0.2013411968946457,0.5795416831970215,4.764351844787598,813,0.0003,-0.00013136764880528062,0.01063524,0.05500923399813473,-20.575442761182785,0.2
123.55,13562,0.9076006512343884,57147392,109,4213,0.12263369560241699,-0.20387890934944153,0.638681948184967,4.837729454040527,821,0.0003,0.00030719124720235413,0.012354013,0.04654799033596646,-20.6803862079978,0.2
127.62,13559,0.8117604928091169,57671680,110,4253,0.12234139442443848,-0.20156216621398926,0.5684373080730438,4.911627769470215,829,0.0003,-0.0006385339670487156,0.010614919,0.05783580907154828,-20.78291968256235,0.2
127.62,13557,0.9249583722278476,58195968,111,4292,0.11196470260620117,-0.2037617415189743,0.5474571287631989,4.980399131774902,837,0.0003,-0.0006000753278385673,0.010125127,0.06405611093214247,-20.880260720849037,0.2
124.64,13554,0.9055437872372568,58720256,112,4332,0.11239171028137207,-0.20621421933174133,0.5513423383235931,5.055209636688232,845,0.0003,-0.0005828234957334644,0.010104984,0.06045133521547541,-20.978609517216682,0.2
143.93,13551,0.9166887099854648,59244544,113,4371,0.12291193008422852,-0.2056049108505249,0.5954941809177399,5.1297831535339355,853,0.0003,-0.0004949310418851383,0.009973688,0.05699292806093581,-21.080218240618706,0.2
129.18,13549,0.734804843775928,59768832,114,4411,0.1163487434387207,-0.2082035094499588,0.5793286859989166,5.219037055969238,861,0.0003,-0.0005403993654908845,0.010080466,0.060408427874790505,-21.192861028015614,0.2
125.61,13546,1.1454600396938621,60293120,115,4450,0.11239385604858398,-0.20900088548660278,0.5889765024185181,5.278321743011475,869,0.0003,-0.0006194617146775272,0.009790646,0.06240709904523101,-21.276984006166458,0.2
137.39,13543,0.9527842197194696,60817408,116,4490,0.11788249015808105,-0.208152636885643,0.6250991523265839,5.367220401763916,877,0.0003,-0.0004982527543688775,0.010489838,0.06405858052312396,-21.377298042178154,0.2
121.25,13541,0.6840438527800142,61341696,117,4530,0.11948466300964355,-0.20823152363300323,0.5742478370666504,5.451732158660889,885,0.0003,-0.0005858814647581312,0.009323942,0.06486864577163942,-21.483917459845543,0.2
133.31,13538,0.8075795386359096,61865984,118,4569,0.12224864959716797,-0.2095555067062378,0.6047689020633698,5.539510250091553,893,0.0003,-0.00047874996107566403,0.009693313,0.06950196744583081,-21.589629352092743,0.2
130.13,13536,1.0050504025514237,62390272,119,4608,0.12311291694641113,-0.21173402667045593,0.6197109222412109,5.616281032562256,901,0.0003,-0.0007131350542977088,0.010060312,0.06408090246259235,-21.685137875378132,0.2
147.74,13534,0.7015384426899254,62914560,120,4648,0.11654114723205566,-0.21266314387321472,0.5749791264533997,5.688780784606934,909,0.0003,-0.0007328998899538419,0.010159647,0.061603489753906615,-21.774858705699444,0.2
127.39,13532,1.420530830193311,63438848,121,4687,0.1220712661743164,-0.21645057201385498,0.5870898365974426,5.774921894073486,917,0.0003,-0.000747341912756383,0.011273054,0.06539435544982553,-21.872737862169743,0.2
140.17,13531,0.7526641698926687,63963136,122,4726,0.12498927116394043,-0.21372640132904053,0.6330334544181824,5.867180824279785,925,0.0003,-0.0006565407582002081,0.0100941155,0.06196017991169356,-21.974463887512684,0.2
133.57,13530,0.6436012637056411,64487424,123,4766,0.12261152267456055,-0.21424077451229095,0.5921413898468018,5.949446678161621,933,0.0003,-0.0005647134516948427,0.009886228,0.05884871704620309,-22.07265866547823,0.2
134.23,13528,0.6085129419760779,65011712,124,4805,0.12400484085083008,-0.21667656302452087,0.5292665064334869,6.045920372009277,941,0.0003,-0.0007018544108632341,0.0106740575,0.06800766791275237,-22.17314165085554,0.2
131.67,13528,1.0633010827749967,65536000,125,4844,0.11547541618347168,-0.21763646602630615,0.6199107468128204,6.115969181060791,949,0.0003,-0.0007120891327758727,0.009688027,0.06449553674610797,-22.259747333824635,0.2
134.35,13527,0.8496925303712487,66060288,126,4883,0.13588666915893555,-0.217335045337677,0.638146847486496,6.217423915863037,957,0.0003,-0.00043605627433862537,0.010757996,0.06936419336125255,-22.356677293777466,0.2
127.26,13526,0.7885590882413089,66584576,127,4922,0.12947559356689453,-0.21832934021949768,0.6315396428108215,6.307051181793213,965,0.0003,-0.0006148209538423544,0.012683388,0.06227724776545074,-22.459941394627094,0.2
137.94,13525,1.3221402413770555,67108864,128,4961,0.11843490600585938,-0.22018763422966003,0.6475132405757904,6.374433517456055,973,0.0003,-0.0008101161510012389,0.010415763,0.07233523059403524,-22.534295961260796,0.2
136.55,13524,0.8822963914833963,67633152,129,5000,0.11845993995666504,-0.2191334366798401,0.620321661233902,6.462047100067139,981,0.0003,-0.0006226228495052055,0.009766398,0.06497017030778807,-22.618464715778828,0.2
130.62,13524,1.1261778819188475,68157440,130,5039,0.12717008590698242,-0.22028151154518127,0.5645399689674377,6.542862892150879,989,0.0003,-0.0004474459003631637,0.010657743,0.06664710608310997,-22.695618480443954,0.2
137.05,13524,0.6592654683301226,68681728,131,5078,0.12056207656860352,-0.22322212159633636,0.5772399604320526,6.634291648864746,997,0.0003,-0.0005679168339156604,0.010313529,0.06804542927420698,-22.78855185955763,0.2
130.3,13523,0.6178115234896541,69206016,132,5117,0.13110876083374023,-0.2214924544095993,0.5713139176368713,6.728072166442871,1005,0.0003,-0.0006844847850970837,0.009586059,0.07065130508271977,-22.878622069954872,0.2
137.74,13523,1.0238362682145088,69730304,133,5156,0.11588716506958008,-0.22490084171295166,0.5839325487613678,6.828064441680908,1013,0.0003,-0.000966131134873649,0.0102659045,0.06781907810363919,-22.977008491754532,0.2
124.32,13523,0.6025259598856791,70254592,134,5195,0.12122225761413574,-0.22541390359401703,0.5859459340572357,6.906742572784424,1021,0.0003,-0.0009017250602028071,0.009997615,0.07259857207827736,-23.06222140789032,0.2
118.43,13522,0.8834311100980267,70778880,135,5234,0.12147808074951172,-0.2253529578447342,0.5730043351650238,7.002767562866211,1029,0.0003,-0.0007780746072967304,0.010922036,0.07658944561262615,-23.150481812655926,0.2
136.42,13522,1.7112516005220824,71303168,136,5272,0.11574864387512207,-0.2267652451992035,0.529901385307312,7.074965476989746,1037,0.0003,-0.0006789550377561682,0.0106529165,0.07101523056917358,-23.224033422768116,0.2
137.71,13522,1.0159949367307126,71827456,137,5311,0.11461377143859863,-0.22810149192810059,0.5992739498615265,7.1569695472717285,1045,0.0003,-0.000819070441139047,0.009538472,0.07717609714018181,-23.293930307030678,0.2
135.33,13522,0.9574491822812706,72351744,138,5350,0.12085294723510742,-0.22774912416934967,0.5815735459327698,7.253881454467773,1053,0.0003,-0.0006984829294651718,0.01126362,0.07514539967814926,-23.38231448084116,0.2
129.6,13522,0.7903302169498057,72876032,139,5389,0.12202000617980957,-0.22684352099895477,0.6257110834121704,7.344865322113037,1061,0.0003,-0.0007597165158585995,0.010831178,0.07267567829694599,-23.465474665164948,0.2
135.37,13523,0.7167114795395173,73400320,140,5427,0.12087106704711914,-0.23216061294078827,0.5863699913024902,7.447481632232666,1069,0.0003,-0.0008461529153009906,0.010094173,0.07402925187489018,-23.55750297009945,0.2
140.57,13523,1.0282163633871824,73924608,141,5466,0.13121390342712402,-0.23048165440559387,0.596056342124939,7.520200252532959,1077,0.0003,-0.0004354122543190897,0.010432206,0.07157509263197426,-23.628098964691162,0.2
123.03,13524,0.759583271361189,74448896,142,5504,0.12469077110290527,-0.22947314381599426,0.5684654414653778,7.608215808868408,1085,0.0003,-0.000791153347108775,0.011289502,0.08190570953593124,-23.69843105226755,0.2
133.51,13525,0.5805530770868063,74973184,143,5543,0.1291980743408203,-0.23237913846969604,0.6164123713970184,7.700192451477051,1093,0.0003,-0.0008087599728696659,0.010761278,0.07836551794025581,-23.779152542352676,0.2
134.78,13526,1.1043857498280705,75497472,144,5581,0.1229863166809082,-0.2315056473016739,0.6479996740818024,7.780601978302002,1101,0.0003,-0.0008242110332048469,0.011807532,0.07248478021938354,-23.84604638814926,0.2
126.01,13527,0.5362305375793949,76021760,145,5619,0.1294114589691162,-0.23286786675453186,0.5321610867977142,7.8832783699035645,1109,0.0003,-0.0006270258988934074,0.011055293,0.07596634449146222,-23.9298110678792,0.2
126.68,13528,0.7762163681630045,76546048,146,5658,0.11816072463989258,-0.23666615784168243,0.558708518743515,7.954106330871582,1117,0.0003,-0.0008705726002062875,0.009693513,0.06426479641231708,-23.993149772286415,0.2
121.81,13529,1.3435733298119157,77070336,147,5696,0.12576913833618164,-0.2354791909456253,0.5371346771717072,8.039566993713379,1125,0.0003,-0.0008765320048951253,0.011126187,0.07426754216430709,-24.05693130195141,0.2
130.74,13529,0.9092328854638617,77594624,148,5735,0.12521934509277344,-0.2338443100452423,0.6005120277404785,8.114652633666992,1133,0.0003,-0.0007493345829061582,0.01268303,0.08974651884636842,-24.123611845076084,0.2
123.16,13530,0.7487513514538295,78118912,149,5773,0.13090252876281738,-0.23538115620613098,0.5774539113044739,8.199295043945312,1141,0.0003,-0.0004971526757344691,0.010683449,0.07482009343220852,-24.192832566797733,0.2
141.05,13531,0.6460936128080357,78643200,150,5811,0.12126827239990234,-0.23847833275794983,0.5893493592739105,8.28722858428955,1149,0.0003,-0.0007363312008692446,0.009994324,0.08538843465794344,-24.266643658280373,0.2
123.63,13531,0.959225378499832,79167488,151,5850,0.12822198867797852,-0.23864926397800446,0.6465180516242981,8.38487434387207,1157,0.0003,-0.0008898810390292056,0.0104002915,0.08075398998335004,-24.343020886182785,0.2
132.19,13531,0.8959456990251783,79691776,152,5889,0.1289827823638916,-0.2381609082221985,0.5912766754627228,8.455337524414062,1165,0.0003,-0.0009599840516330005,0.01157834,0.07910934743995313,-24.408112816512585,0.2
119.42,13532,0.8622052861331031,80216064,153,5927,0.12019038200378418,-0.2383769303560257,0.5868812501430511,8.529404640197754,1173,0.0003,-0.0008443972828899859,0.009659078,0.08499726522131823,-24.466306805610657,0.2
126.86,13532,0.7838120111543685,80740352,154,5966,0.12969350814819336,-0.23909513652324677,0.6005429029464722,8.624281883239746,1181,0.0003,-0.0007197693487341894,0.011812232,0.07959476832184009,-24.53217823803425,0.2
127.27,13533,0.6847117579495534,81264640,155,6004,0.1297605037689209,-0.24194473028182983,0.6141843795776367,8.715532302856445,1189,0.0003,-0.0008975585933512775,0.010198614,0.08279181420220993,-24.606868594884872,0.2
134.17,13533,0.8815772048127838,81788928,156,6043,0.1220848560333252,-0.24109263718128204,0.5681282877922058,8.791186332702637,1197,0.0003,-0.0009569229594035278,0.011107479,0.08696941749076359,-24.666235581040382,0.2
122.95,13533,-100.09399505615234,82313216,157,6082,0.1304638385772705,-0.2405850887298584,0.6376998126506805,8.86617660522461,1205,0.0003,-0.0009061393956244501,0.012008797,0.08552873186999932,-24.724672384560108,0.2
119.46,13533,-167.19954212188722,82837504,158,6120,0.10537886619567871,5.25616455078125,-0.0012927055358886719,8.634891510009766,1213,0.0003,-0.010249386565419627,0.010209049,65.9293819218874,-24.60714615881443,0.2
121.53,13533,-203.73601253509523,83361792,159,6159,0.18165898323059082,2.1662914752960205,0.16300338506698608,8.308706283569336,1221,0.0003,-0.02313860815957014,0.015647989,29.698356479406357,-24.39576207101345,0.2
116.41,13532,-206.00051151275636,83886080,160,6198,0.19129180908203125,1.4847991466522217,0.42003124952316284,7.9775896072387695,1229,0.0003,-0.02620161426057166,0.016897662,19.050053916871548,-24.145614817738533,0.2
115.81,13531,-190.1412322616577,84410368,161,6238,0.1939687728881836,1.2645912170410156,0.5883731245994568,7.662761688232422,1237,0.0003,-0.027112353857773996,0.016202228,15.53775068372488,-23.886650010943413,0.2
117.72,13530,-173.14559324264528,84934656,162,6277,0.1814284324645996,1.0512775182724,0.6466702520847321,7.3649115562438965,1245,0.0003,-0.024897957956909522,0.015424533,13.594384662806988,-23.64614488184452,0.2
123.01,13528,-163.43690214157104,85458944,163,6316,0.17543816566467285,0.879502534866333,0.6734724044799805,7.080563545227051,1253,0.0003,-0.023356329223588546,0.01564087,11.705952294170856,-23.399980388581753,0.2
112.95,13526,-133.92565012931823,85983232,164,6356,0.16868162155151367,0.72023606300354,0.6867488324642181,6.813154220581055,1261,0.0003,-0.021526278183046088,0.014664719,10.158811893314123,-23.15303834527731,0.2
107.56,13523,-112.0674654006958,86507520,165,6396,0.17801260948181152,0.5779998302459717,0.6932013928890228,6.554137229919434,1269,0.0003,-0.021688789739528147,0.01515233,8.3283900488168,-22.898218028247356,0.2
103.01,13521,-98.54275341033936,87031808,166,6436,0.1838207244873047,0.45083552598953247,0.6982317566871643,6.307870388031006,1277,0.0003,-0.0209909864643123,0.015506353,6.995680587366223,-22.64399067312479,0.2
111.38,13518,-97.91313037872314,87556096,167,6476,0.18617558479309082,0.3212522864341736,0.7040694653987885,6.072342395782471,1285,0.0003,-0.020750478309309983,0.014931733,5.769359860569239,-22.392964497208595,0.2
90.3,13514,-70.7638007926941,88080384,168,6517,0.18505096435546875,0.2297694832086563,0.7131233811378479,5.846187114715576,1293,0.0003,-0.020709693807020813,0.014404068,4.747130634263158,-22.14065918326378,0.2
98.1,13513,-70.88140721321106,88604672,169,6556,0.12410728377525253,0.17639988660812378,0.732571929693222,5.631053447723389,1297,0.0003,-0.014096624765902607,0.02466619,4.1163886123233375,-21.959490631565902,0.2
107.12,13511,-70.86482155799865,89128960,170,6596,0.08202814651747882,0.1537124514579773,0.6872887015342712,5.49940299987793,1299,0.0003,-0.003101491868511726,0.011974521,3.6577900749141885,-21.785859932333736,0.2
86.56,13507,-51.36825650215149,89653248,171,6637,0.1438483242964863,0.06750734150409698,0.6569834053516388,5.300420761108398,1306,0.0003,-0.007149546977366548,0.020155316,3.1584126273197914,-21.525045584683394,0.2
99.55,13504,-55.76451117515564,90177536,172,6677,0.16733927408854166,0.012177839875221252,0.6314834654331207,5.106441020965576,1311,0.0003,-0.012328912620820726,0.017448543,2.584553017616272,-21.271495577494303,0.2
85.09,13499,-43.962148914337156,90701824,173,6718,0.18984580039978027,-0.04460334777832031,0.7387974560260773,4.915568828582764,1319,0.0003,-0.019856646129483124,0.014827911,1.9463697588071227,-20.972273781895638,0.2
94.39,13494,-44.20567178726196,91226112,174,6760,0.1884310245513916,-0.06827040016651154,0.7440437078475952,4.732287883758545,1327,0.0003,-0.02019600334824645,0.015075963,1.6286637890152633,-20.7164356559515,0.2
79.48,13489,-33.484376873970035,91750400,175,6801,0.18190693855285645,-0.09086392819881439,0.7460654973983765,4.555150508880615,1335,0.0003,-0.02000456983159893,0.014639588,1.3802911369130015,-20.46070758998394,0.2
81.49,13484,-31.363372443914415,92274688,176,6843,0.17710375785827637,-0.11004423350095749,0.7465247511863708,4.385114669799805,1343,0.0003,-0.019709204418631998,0.013846418,1.181648168247193,-20.205274425446987,0.2
77.29,13478,-26.508499732017516,92798976,177,6884,0.17940759658813477,-0.1275954246520996,0.7572935074567795,4.220672130584717,1351,0.0003,-0.01982960169425496,0.01412829,0.967087590135634,-19.94257315993309,0.2
87.74,13476,-29.240703649520874,93323264,178,6925,0.049380347842261904,-0.12617363035678864,0.754308894276619,4.184659481048584,1352,0.0003,-0.002850411637198357,0.01516223,0.8853621482849121,-19.88405345735096,0.2
80.47,13471,-25.027507297992706,93847552,179,6966,0.17946323779744838,-0.1405310332775116,0.7554669380187988,4.025654315948486,1359,0.0003,-0.01916521090112729,0.01617996,0.7514583687169836,-19.620904773747156,0.2
82.28,13468,-24.07692289352417,94371840,180,7007,0.09032988966557018,-0.14404986798763275,0.7416922450065613,3.9032719135284424,1361,0.0003,-0.010668304179010815,0.012854511,0.6981579368574578,-19.478790283203125,0.2
84.34,13463,-22.172346187531947,94896128,181,7048,0.17917513847351074,-0.15535695850849152,0.7571467161178589,3.755342960357666,1369,0.0003,-0.019697286201335373,0.014102504,0.5781980578321964,-19.13856065273285,0.2
73.28,13457,-17.513553812503815,95420416,182,7090,0.1735515594482422,-0.16295546293258667,0.7555002719163895,3.6152753829956055,1377,0.0003,-0.01848402456880649,0.0146533875,0.5047694415552542,-18.88469258695841,0.2
77.1,13452,-17.47785484790802,95944704,183,7131,0.1736159324645996,-0.16654497385025024,0.7613088935613632,3.4788973331451416,1385,0.0003,-0.019092911632014875,0.014798727,0.4301199330948293,-18.618685126304626,0.2
67.7,13449,-14.073620400428773,96468992,184,7172,0.07521496788930085,-0.16043318808078766,0.7593222260475159,3.3830759525299072,1387,0.0003,-0.008845215891211657,0.013716667,0.4102570768130028,-18.49152484182584,0.2
85.2,13446,-16.59554365873337,96993280,185,7213,0.11805000690498738,-0.1644771844148636,0.7597840279340744,3.262585163116455,1391,0.0003,-0.013587946045174819,0.022201672,0.36563996865291787,-18.22279749012957,0.2
70.98,13442,-12.678460183143615,97517568,186,7254,0.16270208358764648,-0.1678488850593567,0.7474575936794281,3.142949104309082,1399,0.0003,-0.016134924938569384,0.014320966,0.30617941298987716,-17.924118652939796,0.2
80.55,13438,-13.094718049764634,98041856,187,7295,0.15927791595458984,-0.16497702896595,0.753357470035553,3.0291285514831543,1407,0.0003,-0.015824784406504477,0.013356621,0.28454294346738607,-17.66423923522234,0.2
74.7,13433,-11.26414157629013,98566144,188,7337,0.16060972213745117,-0.1657058149576187,0.7437303066253662,2.920311450958252,1415,0.0003,-0.014993919945482048,0.013548787,0.2579417196684517,-17.41325221210718,0.2
70.8,13431,-10.35025873720646,99090432,189,7377,0.07918701171875,-0.14972151815891266,0.7571438997983932,2.9123072624206543,1416,0.0003,0.000600433077973624,0.013172503,0.26638855040073395,-17.36388765970866,0.2
75.05,13429,-10.661373949050903,99614720,190,7417,0.06579328264508928,-0.15634466707706451,0.7464831173419952,2.8475749492645264,1419,0.0003,-0.006993601043775145,0.021705167,0.2926551727311952,-17.270667784554618,0.2
68.65,13427,-8.452242465764284,100139008,191,7457,0.07777491155660378,-0.0830732211470604,0.7478197515010834,2.776862382888794,1421,0.0003,-0.004714110537809935,0.0121284155,0.21249306736127385,-17.10606582209749,0.2
67.59,13422,-8.08505128234625,100663296,192,7499,0.15759539604187012,-0.16265515983104706,0.7320623397827148,2.6787896156311035,1429,0.0003,-0.013393480727245333,0.016188253,0.20737958187237382,-16.813582591712475,0.2
61.9,13419,-6.661407290697098,101187584,193,7540,0.15677714347839355,-0.16090959310531616,0.7315905690193176,2.5853915214538574,1437,0.0003,-0.012890732734376797,0.013127755,0.1945079331053421,-16.570257365703583,0.2
72.14,13415,-7.435325827598572,101711872,194,7581,0.1492912769317627,-0.16156113147735596,0.7407473921775818,2.4969398975372314,1445,0.0003,-0.011815989566002827,0.013183359,0.18790554569568485,-16.3307099416852,0.2
73.29,13412,-7.436735380887985,102236160,195,7622,0.1486499309539795,-0.15527085959911346,0.7150128483772278,2.4141907691955566,1453,0.0003,-0.010532842392876773,0.012844073,0.19194897584384307,-16.096822381019592,0.2
60.75,13409,-5.302811240255832,102760448,196,7663,0.14748883247375488,-0.15167701244354248,0.7296840846538544,2.3346848487854004,1461,0.0003,-0.010774094707358017,0.012516649,0.17770855041453615,-15.863257329910994,0.2
61.24,13406,-5.024442940056324,103284736,197,7703,0.14670467376708984,-0.14976653456687927,0.7294296622276306,2.260284900665283,1469,0.0003,-0.009231925277845221,0.013185529,0.16453078732592985,-15.637863457202911,0.2
60.09,13404,-4.40202063292265,103809024,198,7744,0.14766454696655273,-0.14621397852897644,0.7086517810821533,2.189612865447998,1477,0.0003,-0.007939464978790056,0.013738005,0.1827554875635542,-15.422719955444336,0.2
60.92,13402,-3.709157980084419,104333312,199,7784,0.14264822006225586,-0.14419475197792053,0.7122960686683655,2.1233878135681152,1485,0.0003,-0.006997559934006858,0.013048466,0.1712916930555366,-15.203514151275158,0.2
64.97,13400,-4.065201307088136,104857600,200,7825,0.14237070083618164,-0.13942790031433105,0.6908505260944366,2.0617947578430176,1493,0.0003,-0.006276427485317981,0.013987351,0.17463931965176016,-14.998911812901497,0.2
53.57,13398,-3.329164470434189,105381888,201,7865,0.14000868797302246,-0.139491006731987,0.7070926129817963,2.002720594406128,1501,0.0003,-0.005975812257020152,0.013114526,0.17634127649944276,-14.794881839305162,0.2
60.82,13396,-3.4243322330713273,105906176,202,7905,0.14059829711914062,-0.136095330119133,0.6918119490146637,1.948657751083374,1509,0.0003,-0.005331091038897284,0.012191797,0.1842952169245109,-14.60250324010849,0.2
51.67,13395,-2.7755891621112823,106430464,203,7945,0.136063814163208,-0.13300763070583344,0.7039314806461334,1.8965842723846436,1517,0.0003,-0.005104844382231022,0.011641948,0.1837601723964326,-14.413662880659103,0.2
54.03,13394,-2.4450804863870146,106954752,204,7984,0.13368749618530273,-0.1297816038131714,0.671237975358963,1.8483517169952393,1525,0.0003,-0.004862669627073046,0.011622189,0.1861168020986952,-14.228990733623505,0.2
61.05,13393,-2.6456796441972257,107479040,205,8024,0.12911319732666016,-0.12332624197006226,0.6879832148551941,1.8045928478240967,1533,0.0003,-0.003874423579645736,0.012635107,0.22215381468413398,-14.061691619455814,0.2
47.91,13393,-1.9799120427668095,108003328,206,8064,0.12540292739868164,-0.11908894032239914,0.6822521984577179,1.763830304145813,1541,0.0003,-0.0030902483595127705,0.011112932,0.23175906407414004,-13.902714256197214,0.2
56.76,13392,-2.128844779804349,108527616,207,8103,0.13105368614196777,-0.12254204601049423,0.6691862046718597,1.7262340784072876,1549,0.0003,-0.0022912048823400255,0.010980818,0.2155080423108302,-13.746775720268488,0.2
63.27,13393,-1.7857482697814704,109051904,208,8142,0.12114715576171875,-0.11821223795413971,0.6680283844470978,1.6910927295684814,1557,0.0003,-0.0029138227839666797,0.010523753,0.24172669160179794,-13.604751355946064,0.2
49.36,13393,-1.2175151550024748,109576192,209,8181,0.1212766170501709,-0.1116410493850708,0.6640157401561737,1.6590782403945923,1565,0.0003,-0.0031602169972302363,0.01187354,0.25948671583319083,-13.46575066074729,0.2
50.62,13393,-1.104384884890169,110100480,210,8220,0.11739015579223633,-0.10859739035367966,0.6831360757350922,1.6319154500961304,1573,0.0003,-0.0028531336447485955,0.009799111,0.3015291605843231,-13.347105506807566,0.2
44.67,13395,-0.5227431310899555,110624768,211,8258,0.11215567588806152,-0.09963305294513702,0.6811416149139404,1.606319785118103,1581,0.0003,-0.0025061819378606742,0.0100528635,0.3537682592868805,-13.236259803175926,0.2
43.12,13396,0.23345130667090416,111149056,212,8296,0.11426782608032227,-0.09021997451782227,0.680390477180481,1.583005428314209,1589,0.0003,-0.0023307236178879975,0.009877818,0.4178955730749294,-13.133193247020245,0.2
43.97,13399,-0.23540936455130576,111673344,213,8334,0.09884023666381836,-0.08663992583751678,0.6827807724475861,1.5619871616363525,1597,0.0003,-0.002262799815980543,0.008570634,0.4974362961947918,-13.031594283878803,0.2
45.97,13401,1.0086285805702209,112197632,214,8371,0.09791183471679688,-0.077120840549469,0.6985422670841217,1.5434716939926147,1605,0.0003,-0.001974665994566749,0.008998214,0.5609402365516871,-12.944597240537405,0.2
54.84,13407,-0.028136700727045535,112721920,215,8407,0.099072265625,-0.058541201055049896,0.7021502554416656,1.5427985191345215,1606,0.0003,0.004409681307151914,0.016009275,0.6251758933067322,-12.925047683715821,0.2
42.28,13410,1.2928032991290093,113246208,216,8444,0.0970754623413086,-0.06748775392770767,0.7046750485897064,1.5276228189468384,1614,0.0003,-0.0004625930130259803,0.009282922,0.6301822618115693,-12.866688016802073,0.2
41.25,13414,1.137001406699419,113770496,217,8481,0.09643769264221191,-0.05510003864765167,0.7166040539741516,1.5113927125930786,1622,0.0003,-0.0017747002052601601,0.009309242,0.6743259858340025,-12.78806933388114,0.2
47.58,13417,2.7884309443831445,114294784,218,8518,0.09669923782348633,-0.05531088262796402,0.7185989618301392,1.4969403743743896,1630,0.0003,-0.0003497649192922836,0.008998757,0.7227139987517148,-12.722007788717747,0.2
50.01,13420,2.144093561768532,114819072,219,8555,0.1007835865020752,-0.050355613231658936,0.7307405769824982,1.482893705368042,1638,0.0003,-0.0006178032999741845,0.008435157,0.7369786344934255,-12.648138005286455,0.2
50.32,13424,2.084287666976452,115343360,220,8592,0.0960385799407959,-0.0518941730260849,0.7390991449356079,1.4692105054855347,1646,0.0003,-0.0007017932848611963,0.00916602,0.7688832636922598,-12.583910316228867,0.2
46.78,13427,2.5805331183969975,115867648,221,8629,0.09973359107971191,-0.04743952304124832,0.7433584630489349,1.4561922550201416,1654,0.0003,-0.00036438265669858083,0.008052528,0.7613644441589713,-12.515077240765095,0.2
47.76,13431,3.0552343028783797,116391936,222,8665,0.0964045524597168,-0.05088888853788376,0.7555023431777954,1.442542552947998,1662,0.0003,-0.0004894998924100946,0.007995686,0.7889339535031468,-12.449367199093103,0.2
47.84,13434,3.728841949105263,116916224,223,8702,0.10142660140991211,-0.04410771280527115,0.759969174861908,1.4309083223342896,1670,0.0003,-0.00035249491929789656,0.009130611,0.8373608242254704,-12.386864084750414,0.2
39.18,13439,3.8982114724814894,117440512,224,8738,0.10709428787231445,-0.04024776071310043,0.7610588669776917,1.4192732572555542,1678,0.0003,-0.00039228639025168377,0.008964954,0.8508320800028741,-12.323602486401796,0.2
46.22,13445,3.4626313424110413,117964800,225,8773,0.09425048828125,-0.0343497171998024,0.7673677504062653,1.4150776863098145,1679,0.0003,0.0025793107226490973,0.0128932325,0.836747670173645,-12.303573684692383,0.2
41.96,13450,4.662744340002536,118489088,226,8809,0.10125953363617081,-0.031051717698574066,0.7693222165107727,1.401548981666565,1686,0.0003,-0.0005580855602487011,0.013918201,0.8584609233955453,-12.23095754476694,0.2
36.85,13454,3.4004150871373713,119013376,227,8845,0.10069513320922852,-0.03742232173681259,0.7740415036678314,1.3892349004745483,1694,0.0003,-0.00039924750058162317,0.009696346,0.841527579119429,-12.168881814926863,0.2
41.39,13458,4.868262665271759,119537664,228,8881,0.10250425338745117,-0.03472665697336197,0.7823591232299805,1.377490758895874,1702,0.0003,-0.00043307715145601833,0.011206891,0.8812538988422602,-12.101793963462114,0.2
48.15,13463,5.122318666279316,120061952,229,8917,0.10461878776550293,-0.03174430876970291,0.7885222882032394,1.3675578832626343,1710,0.0003,7.547844279542915e-05,0.01014991,0.8831619548145682,-12.042883012443781,0.2
40.79,13469,5.89302493467927,120586240,230,8952,0.11396408081054688,-0.02324296534061432,0.7935713082551956,1.365699291229248,1711,0.0003,0.0043489853633218445,0.012565503,0.9366654492914677,-12.032413482666016,0.2
47.36,13474,5.313973713219166,121110528,231,8988,0.09449028246330493,-0.021587155759334564,0.7944990545511246,1.3540724515914917,1716,0.0003,-0.00047011862757658076,0.02120418,0.9740905084393241,-11.977078148812959,0.2
48.91,13477,7.680961382091045,121634816,232,9024,0.10986852645874023,-0.01946079730987549,0.8105616122484207,1.343289852142334,1724,0.0003,0.0002437932159864431,0.008646522,0.9954693045001477,-11.91576325148344,0.2
49.56,13481,8.166127137765288,122159104,233,9061,0.09916496276855469,-0.023702234029769897,0.8225540667772293,1.333240270614624,1732,0.0003,-0.0005506851614427433,0.008870923,1.034887348068878,-11.857285790145397,0.2
50.27,13484,6.8628959860652685,122683392,234,9097,0.11850857734680176,-0.017148055136203766,0.8413103073835373,1.3241991996765137,1740,0.0003,0.0014526812453823368,0.009044477,1.0477175686974078,-11.810291156172752,0.2
56.14,13489,9.44228946711868,123207680,235,9133,0.09523831881009616,-0.013147972524166107,0.8607068061828613,1.3214073181152344,1741,0.0003,0.003630472320275238,0.013884529,1.118689592068012,-11.793533581953783,0.2
49.86,13493,7.833952072262764,123731968,236,9169,0.11936848958333333,0.0021296292543411255,0.8698375672101974,1.318720817565918,1742,0.0003,0.00367516172118485,0.014871078,1.1516713698705037,-11.775965054829916,0.2
59.12,13496,12.581083385795354,124256256,237,9206,0.10734176635742188,-0.007250696420669556,0.880441814661026,1.3107112646102905,1750,0.0003,-0.000490295712097577,0.00888568,1.1522699492052197,-11.728584375232458,0.2
51.57,13498,8.105074501037597,124780544,238,9244,0.10460400581359863,0.002311810851097107,0.8903685063123703,1.304222822189331,1758,0.0003,-1.2958928437001305e-05,0.00862772,1.175646166317165,-11.691362604498863,0.2
50.67,13499,10.192774835154415,125304832,239,9281,0.10274934768676758,0.0004758760333061218,0.9008994698524475,1.2955338954925537,1766,0.0003,-0.0002484612248281337,0.007895694,1.1817214437760413,-11.64637727290392,0.2
59.66,13501,13.054227831810714,125829120,240,9319,0.10805082321166992,0.007816053926944733,0.9047414362430573,1.2876566648483276,1774,0.0003,-0.00015027165386527486,0.008419132,1.250892253126949,-11.601927351206541,0.2
57.15,13501,14.180018336176872,126353408,241,9358,0.10776996612548828,0.014309167861938477,0.9062763899564743,1.2806179523468018,1782,0.0003,-0.00023311127029046474,0.008127681,1.317325942683965,-11.560757912695408,0.2
74.7,13501,20.484034364707767,126877696,242,9396,0.12020301818847656,0.024358071386814117,0.9104771092534065,1.2735552787780762,1790,0.0003,0.00046987837617962214,0.009757498,1.3599968408234417,-11.522556021809578,0.2
74.13,13501,22.31281833767891,127401984,243,9435,0.11350464820861816,0.02465233951807022,0.9125462174415588,1.2686926126480103,1798,0.0003,0.00039801513435122615,0.008966403,1.398073602002114,-11.489006131887436,0.2
76.01,13502,23.514510064423085,127926272,244,9474,0.11775636672973633,0.027851641178131104,0.9135846868157387,1.26386296749115,1806,0.0003,0.0009330712009614217,0.008869765,1.4363690572790802,-11.463386449962854,0.2
82.94,13502,29.203225341439246,128450560,245,9513,0.10981416702270508,0.022631697356700897,0.9154208078980446,1.2592799663543701,1814,0.0003,0.0004635935513306322,0.008841069,1.4214159375987947,-11.434937298297882,0.2
85.15,13502,27.13998085975647,128974848,246,9551,0.10993099212646484,0.02473585307598114,0.9138973727822304,1.2546030282974243,1822,0.0003,0.0004273287358955713,0.00808063,1.444939246866852,-11.41243151947856,0.2
67.78,13502,19.678964547514916,129499136,247,9590,0.11221957206726074,0.0351296067237854,0.9081101641058922,1.250967025756836,1830,0.0003,0.0007398208429094666,0.009814454,1.5203403611667454,-11.385325908660889,0.2
95.8,13503,32.249885597229,130023424,248,9628,0.10582689969044812,0.03278964012861252,0.9125286117196083,1.2467025518417358,1832,0.0003,0.001690925709586942,0.020575766,1.489925814124773,-11.372419771158471,0.2
77.69,13503,24.33473065376282,130547712,249,9667,0.10293865203857422,0.033176638185977936,0.9134505465626717,1.2435758113861084,1840,0.0003,0.00029317714279386564,0.008345754,1.4664766592904925,-11.338047064840794,0.2
81.32,13503,26.02338289678097,131072000,250,9706,0.10335516929626465,0.03886108100414276,0.9120062962174416,1.2394837141036987,1848,0.0003,0.0003323877367620298,0.007900568,1.5078317490406334,-11.319660671055317,0.2
85.67,13502,26.08253625512123,131596288,251,9746,0.10102677345275879,0.04285071790218353,0.9089845940470695,1.2366231679916382,1856,0.0003,0.0008730354802537477,0.008917913,1.564021567814052,-11.300393585115671,0.2
113.8,13502,43.829624823331834,132120576,252,9784,0.11245577452612705,0.06581676751375198,0.905665211379528,1.2345786094665527,1858,0.0003,0.002698469710475231,0.013273195,1.6529623699969933,-11.291400393501657,0.2
83.01,13501,30.32758387327194,132644864,253,9824,0.11090207099914551,0.041187167167663574,0.9083929359912872,1.2328031063079834,1866,0.0003,0.0011070237246713077,0.008225433,1.556945440825075,-11.275829259306192,0.2
111.09,13498,45.0397845351696,133169152,254,9865,0.09891223907470703,0.052569545805454254,0.9049178808927536,1.2317276000976562,1874,0.0003,0.0007677848436742352,0.009001255,1.6359664178453386,-11.269168607890606,0.2
94.29,13495,36.318422524333,133693440,255,9906,0.11453580856323242,0.0616990327835083,0.9047406017780304,1.2305490970611572,1882,0.0003,0.001181760966346701,0.0087656,1.6363297263160348,-11.264588724821806,0.2
97.02,13492,34.500867194384334,134217728,256,9947,0.11392903327941895,0.05086265504360199,0.899449847638607,1.2281606197357178,1890,0.0003,0.0014202948837009899,0.0073251254,1.7125332620926201,-11.251918699592352,0.2
100.99,13487,36.71067205134779,134742016,257,9989,0.12160253524780273,0.0515870526432991,0.9049685895442963,1.2253727912902832,1898,0.0003,0.0016441335458239337,0.010509535,1.6568160238675773,-11.232811037451029,0.2
91.59,13483,34.85193312466144,135266304,258,10032,0.11782717704772949,0.054145656526088715,0.9057536721229553,1.2222884893417358,1906,0.0003,0.0014161541787416354,0.0088442275,1.6528771491721272,-11.216937769204378,0.2
96.86,13478,34.9375284999609,135790592,259,10074,0.10738682746887207,0.0527590736746788,0.906228169798851,1.2193870544433594,1914,0.0003,0.0009733017859616666,0.007670124,1.703612206503749,-11.196621265262365,0.2
93.41,13473,34.28451451718807,136314880,260,10117,0.09873485565185547,0.053107380867004395,0.9074954390525818,1.2168985605239868,1922,0.0003,0.00016205339500174887,0.0065361694,1.6980614853091538,-11.185074795037508,0.2
104.17,13469,41.62323667854071,136839168,261,10158,0.10337320963541667,0.13191285729408264,0.9083200693130493,1.2169806957244873,1923,0.0003,0.007448534504510463,0.011730041,1.7095354000727336,-11.181040000915527,0.2
99.21,13464,39.954957282543184,137363456,262,10201,0.12260557475842927,0.056251510977745056,0.9092642217874527,1.2146472930908203,1928,0.0003,0.0019597294763355564,0.010819788,1.6645238172066839,-11.173818569434317,0.2
120.03,13458,48.87743334889412,137887744,263,10245,0.10790562629699707,0.05991801619529724,0.9040959924459457,1.2122786045074463,1936,0.0003,0.0012888229337022494,0.009339035,1.7623172346502542,-11.154787573963404,0.2
109.23,13452,45.85768559060991,138412032,264,10289,0.11443424224853516,0.06996326893568039,0.9066027700901031,1.2101637125015259,1944,0.0003,0.0012320342600560252,0.008103173,1.7418708251789212,-11.141777161508799,0.2
105.98,13445,41.570547351837156,138936320,265,10333,0.10648155212402344,0.06399817764759064,0.906506635248661,1.2078274488449097,1952,0.0003,0.0008246523664183769,0.008973276,1.7445162306539714,-11.124633856117725,0.2
120.06,13440,48.26656501710415,139460608,266,10375,0.09113722581129807,0.07440636307001114,0.9071768894791603,1.2068381309509277,1954,0.0003,0.0018974201050766099,0.015503814,1.7865896500073946,-11.121060591477613,0.2
100.23,13435,39.12592865109443,139984896,267,10419,0.12026357650756836,0.06911351531744003,0.9113768562674522,1.2066291570663452,1962,0.0003,0.0013748893575211696,0.009060031,1.7419711272232234,-11.112754747271538,0.2
113.02,13429,42.01831663191319,140509184,268,10462,0.10760760307312012,0.0716852992773056,0.9093227609992027,1.2061653137207031,1970,0.0003,0.0009419396758403309,0.008461339,1.8000036724843085,-11.113645441830158,0.2
108.8,13424,44.7760187985003,141033472,269,10505,0.13486735026041666,0.06542492657899857,0.9130742326378822,1.206063985824585,1971,0.0003,0.004307905699264396,0.012977581,1.7398877717830517,-11.111378528453686,0.2
118.83,13417,48.28545532636345,141557760,270,10550,0.10278010368347168,0.06193901598453522,0.9112246111035347,1.2033990621566772,1979,0.0003,0.0006291060224157263,0.007989486,1.7594156675040722,-11.095010057091713,0.2
125.55,13410,55.46606669604778,142082048,271,10595,0.10875439643859863,0.06418503820896149,0.9120723605155945,1.2012536525726318,1987,0.0003,0.0010148345290872385,0.008825445,1.766117428895086,-11.082264214754105,0.2
132.86,13402,56.500504809841516,142606336,272,10640,0.09412765502929688,0.06857247650623322,0.9086663872003555,1.1996476650238037,1995,0.0003,0.00047560495818288473,0.007290283,1.802409229800105,-11.075712628662586,0.2
122.79,13394,55.36292828679085,143130624,273,10685,0.09758782386779785,0.06894417107105255,0.904915377497673,1.1977144479751587,2003,0.0003,0.0006676972514014778,0.007919215,1.8343332749791443,-11.066564973443747,0.2
106.71,13387,46.81462729811668,143654912,274,10730,0.10942816734313965,0.06519255042076111,0.904972180724144,1.196842908859253,2011,0.0003,0.0015270213768872054,0.009228223,1.8891366701573133,-11.05400213971734,0.2
116.12,13379,49.83359665751457,144179200,275,10776,0.10726737976074219,0.07489378750324249,0.9043299853801727,1.1959960460662842,2019,0.0003,0.00104077822356885,0.009247588,1.9077971284277737,-11.046556256711483,0.2
119.69,13371,52.678422983884815,144703488,276,10822,0.09143519401550293,0.07672248035669327,0.9088543355464935,1.1947311162948608,2027,0.0003,0.0004407078108670248,0.008093476,1.832644133362919,-11.041739355772734,0.2
109.21,13364,47.51643287777901,145227776,277,10866,0.11152866908482142,0.08867630362510681,0.904660589993,1.1956907510757446,2028,0.0003,0.0030889428120904733,0.0154104885,1.9284324135099138,-11.04577010018485,0.2
127.63,13357,55.644944288134575,145752064,278,10911,0.06671697443181818,0.09026330709457397,0.9034959673881531,1.1966354846954346,2029,0.0003,0.0016193905083293264,0.014085779,2.0376170115037398,-11.051108360290527,0.2
118.36,13348,55.988329490423205,146276352,279,10958,0.1018531322479248,0.08664576709270477,0.9049279540777206,1.196321964263916,2037,0.0003,0.0008617913001671695,0.008994222,1.9919615318067372,-11.046703439205885,0.2
106.74,13339,44.99188455402851,146800640,280,11004,0.10616326332092285,0.08325529098510742,0.9072629064321518,1.196340560913086,2045,0.0003,0.001170169210581662,0.008908056,1.9448224809020758,-11.051872354000807,0.2
110.74,13330,49.54783934354782,147324928,281,11051,0.09603261947631836,0.08385380357503891,0.9033933579921722,1.1954437494277954,2053,0.0003,0.0007856658410219097,0.010380933,2.0438556079752743,-11.04431602731347,0.2
107.32,13322,49.37370185792446,147849216,282,11097,0.09759855270385742,0.07793734222650528,0.9051254913210869,1.1947932243347168,2061,0.0003,0.0007014523696398101,0.008316383,1.9950255933217704,-11.038927379995584,0.2
123.73,13313,57.40272647082806,148373504,283,11144,0.09331750869750977,0.09995061159133911,0.9044616371393204,1.1943310499191284,2069,0.0003,0.00077702954695269,0.0068410765,1.993679501581937,-11.039426811039448,0.2
113.65,13304,50.09299490869045,148897792,284,11191,0.10187411308288574,0.09967033565044403,0.9005356132984161,1.1920630931854248,2077,0.0003,0.0009422823914064793,0.009206304,1.9852348435670137,-11.026509203016758,0.2
119.81,13296,57.529588611125945,149422080,285,11237,0.11996746063232422,0.08214736729860306,0.9019326195120811,1.192453384399414,2085,0.0003,0.0020684044236531918,0.008067968,1.9765071449801326,-11.026636846363544,0.2
112.49,13289,50.69716408908367,149946368,286,11283,0.10488510131835938,0.10312431305646896,0.9027034863829613,1.1930608749389648,2093,0.0003,0.000977821254537048,0.008560879,2.0131070846691728,-11.02692962065339,0.2
133.8,13282,63.48429111063481,150470656,287,11328,0.10375595092773438,0.091238833963871,0.9045227989554405,1.192813515663147,2101,0.0003,0.001158733189186023,0.010134912,1.98711254959926,-11.027694549411535,0.2
115.96,13274,54.33054324269295,150994944,288,11374,0.09828805923461914,0.09068267792463303,0.9014438018202782,1.1925184726715088,2109,0.0003,0.0012268447615042533,0.007337774,2.01828492898494,-11.026918843388557,0.2
120.64,13267,57.88382836297154,151519232,289,11420,0.09814667701721191,0.08657978475093842,0.9034879580140114,1.1930853128433228,2117,0.0003,0.0010282251239459583,0.008909119,1.9732137443497777,-11.027420658618212,0.2
100.66,13260,37.08822575330734,152043520,290,11465,0.09599828720092773,0.08148201555013657,0.9038299024105072,1.1949479579925537,2125,0.0003,0.0009737497024389086,0.010236075,1.9137028809636831,-11.036023546010256,0.2
131.27,13255,63.673707605600356,152567808,291,11509,0.1036346435546875,0.08365654200315475,0.9049599021673203,1.194356918334961,2129,0.0003,0.001981580402934924,0.010736364,1.9017234126726785,-11.040504709879558,0.2
106.19,13250,42.70052523314953,153092096,292,11553,0.13214111328125,0.10351703315973282,0.9058544188737869,1.1944092512130737,2130,0.0003,0.004276699283056789,0.015240086,1.9770736694335938,-11.038996166653103,0.2
132.54,13245,64.69828724205495,153616384,293,11597,0.09357118606567383,0.09085030853748322,0.9079644531011581,1.1931049823760986,2138,0.0003,0.0005306263566353664,0.0065897796,1.9557152302004397,-11.03434718772769,0.2
122.97,13240,58.225210944116114,154140672,294,11641,0.10660839080810547,0.07760681211948395,0.9045839980244637,1.191148281097412,2146,0.0003,0.0007202057872746082,0.008992754,1.9526366973295808,-11.021585773676634,0.2
119.91,13235,53.85668092787266,154664960,295,11685,0.10630273818969727,0.0899563729763031,0.9060864821076393,1.190874695777893,2154,0.0003,0.0007870036190524843,0.009495767,1.988841618411243,-11.015679370611906,0.2
132.79,13229,63.73084354460239,155189248,296,11730,0.10528421401977539,0.07566117495298386,0.9095349386334419,1.1903610229492188,2162,0.0003,0.0010936579308236105,0.009153094,1.884471331257373,-11.01635130494833,0.2
125.19,13225,59.8464352452755,155713536,297,11774,0.11001014709472656,0.08910632878541946,0.9098625034093857,1.190954566001892,2163,0.0003,0.0032676201735739596,0.010506633,1.8550546243786812,-11.016655564308167,0.2
129.55,13219,56.283468851447104,156237824,298,11819,0.10630583763122559,0.07947809994220734,0.9077592864632607,1.1895225048065186,2171,0.0003,0.0010505764626032033,0.007083909,1.869723864365369,-11.01304992288351,0.2
119.1,13213,53.91735957801342,156762112,299,11864,0.09352540969848633,0.08984548598527908,0.9054317995905876,1.1901973485946655,2179,0.0003,0.0008732354087896965,0.007991295,1.9852322349324822,-11.013037126511335,0.2
115.63,13207,52.9053304040432,157286400,300,11908,0.09001421928405762,0.09151054918766022,0.9042313769459724,1.191204309463501,2187,0.0003,0.0010887181917951239,0.008198148,2.0638357689604163,-11.018851924687624,0.2
117.14,13201,53.08123000741005,157810688,301,11953,0.10055208206176758,0.08446185290813446,0.9077267050743103,1.1905839443206787,2195,0.0003,0.0009868991101029678,0.008430626,1.95043456973508,-11.014996610581875,0.2
128.46,13195,63.53084962368011,158334976,302,11999,0.10259532928466797,0.07199190557003021,0.9067974910140038,1.1915736198425293,2203,0.0003,0.0011733953710972855,0.008977957,1.9672151976265013,-11.017467994242907,0.2
132.99,13190,65.02110518991947,158859264,303,12043,0.09468245506286621,0.08935681730508804,0.9050757065415382,1.190778374671936,2211,0.0003,0.0007539012590314087,0.0074914177,2.026426830329001,-11.018099691718817,0.2
119.98,13186,53.18089051008224,159383552,304,12087,0.05695049579326923,0.08146204799413681,0.9042544439435005,1.190932035446167,2212,0.0003,0.001512255591268723,0.012229019,2.041503585301913,-11.01845565209022,0.2
139.76,13181,69.0232693874836,159907840,305,12131,0.10026027731699487,0.09585650265216827,0.9062034040689468,1.1903899908065796,2217,0.0003,0.0014563600352506013,0.0196657,2.02358663572024,-11.01556450046905,0.2
135.67,13174,60.753400356173515,160432128,306,12177,0.09362959861755371,0.08873547613620758,0.907332293689251,1.1901689767837524,2225,0.0003,0.0009838356631917122,0.009791253,1.9841180979274213,-11.013631850481033,0.2
153.59,13168,75.25303108334542,160956416,307,12222,0.1035771369934082,0.08158884197473526,0.9064479097723961,1.1901657581329346,2233,0.0003,0.0012558280880057282,0.007877672,1.9590720240958035,-11.010448895394802,0.2
144.4,13162,73.14241261675954,161480704,308,12268,0.09352374076843262,0.09116236865520477,0.9091777577996254,1.189898133277893,2241,0.0003,0.0009835785349423531,0.009652982,1.9758437918499112,-11.008456703275442,0.2
117.33,13156,50.02823190718889,162004992,309,12313,0.09859728813171387,0.0949576124548912,0.9106704890727997,1.1896281242370605,2249,0.0003,0.0007918846797565493,0.008534471,1.9287177887745202,-11.010707795619965,0.2
138.8,13150,63.5713788330555,162529280,310,12358,0.0940098762512207,0.08213284611701965,0.9123328328132629,1.189501166343689,2257,0.0003,0.0009200997783409548,0.0075128563,1.8747577769681811,-11.00856787711382,0.2
123.29,13145,57.05048883497715,163053568,311,12403,0.09905314445495605,0.08046650886535645,0.9117153882980347,1.1899112462997437,2265,0.0003,0.0009422089160580072,0.007893316,1.9066423010081053,-11.00851309299469,0.2
123.5,13139,50.13867336332798,163577856,312,12449,0.10171341896057129,0.0933852344751358,0.9101056009531021,1.1910969018936157,2273,0.0003,0.001197324918166487,0.007815065,1.986732424236834,-11.014455277472734,0.2
132.9,13133,59.7216135931015,164102144,313,12495,0.1046442985534668,0.07932816445827484,0.9144829213619232,1.1913591623306274,2281,0.0003,0.0010159655441839277,0.007475963,1.8911863351240754,-11.01713627204299,0.2
135.51,13127,66.55995726704597,164626432,314,12540,0.09447598457336426,0.07640945911407471,0.9130316376686096,1.1915335655212402,2289,0.0003,0.0008371871078907134,0.0075528855,1.8967030979692936,-11.018188033252954,0.2
137.74,13122,62.04362413227558,165150720,315,12585,0.08507015830592106,0.0832236185669899,0.9144398644566536,1.1897621154785156,2294,0.0003,0.0010008833189915052,0.02474176,1.9197976598165984,-11.013485958701686,0.2
123.1,13116,56.52464879691601,165675008,316,12630,0.09254193305969238,0.08754659444093704,0.909232534468174,1.1876482963562012,2302,0.0003,0.00027642023792395776,0.0068910588,2.029963673558086,-10.998847771435976,0.2
121.05,13110,55.295608606338504,166199296,317,12676,0.10666775703430176,0.08467398583889008,0.914882630109787,1.1857123374938965,2310,0.0003,0.0011524001909037906,0.008222138,1.890498723834753,-10.988710340112448,0.2
131.2,13105,63.00971476554871,166723584,318,12721,0.1153350830078125,0.0689380019903183,0.916770376265049,1.1854417324066162,2311,0.0003,0.0030200169945601373,0.01809633,1.8008872807025909,-10.9848792552948,0.2
138.97,13101,69.24706698834896,167247872,319,12765,0.1104688142475329,0.0768481120467186,0.9115816280245781,1.1856660842895508,2313,0.0003,0.0030510441161152955,0.01548662,1.9233822728458203,-10.987197123075786,0.2
129.84,13095,59.436284129470586,167772160,320,12811,0.10507345199584961,0.08735829591751099,0.9125756397843361,1.1859169006347656,2321,0.0003,0.0012340621162820753,0.0111382175,1.9131910623982549,-10.985990386456251,0.2
143.12,13088,67.38577247783542,168296448,321,12858,0.10589981079101562,0.07402069866657257,0.9129611849784851,1.1854437589645386,2329,0.0003,0.0012380960956761555,0.010172478,1.8951714769937098,-10.981879752129316,0.2
138.93,13082,64.3748119199276,168820736,322,12904,0.08969283103942871,0.10057646036148071,0.9108961001038551,1.1845148801803589,2337,0.0003,0.0007071227837514016,0.00872886,1.9901007022708654,-10.977686248719692,0.2
116.14,13076,52.51367525458336,169345024,323,12950,0.09717226028442383,0.06904256343841553,0.9156974703073502,1.1842880249023438,2345,0.0003,0.001046582311801103,0.007608433,1.8716485020704567,-10.970354028046131,0.2
127.11,13069,56.88551770329475,169869312,324,12997,0.0910787582397461,0.07304974645376205,0.91493821144104,1.1813294887542725,2353,0.0003,0.000460227462099283,0.00826443,1.8642216748557985,-10.958759412169456,0.2
136.45,13063,64.06566704332829,170393600,325,13043,0.09916877746582031,0.07410448044538498,0.9110063686966896,1.1823395490646362,2361,0.0003,0.0011065497853905981,0.0075852983,1.8856768584810197,-10.960582956671715,0.2
126.16,13056,62.36880373924971,170917888,326,13090,0.0962667465209961,0.0762820839881897,0.9114978983998299,1.1822518110275269,2369,0.0003,0.0006584685768302734,0.008089205,1.8988894866779447,-10.958783496171236,0.2
146.95,13049,71.5371644538641,171442176,327,13138,0.09650230407714844,0.0841175839304924,0.9157022759318352,1.1811546087265015,2377,0.0003,0.0007055793043946323,0.009004209,1.8059990163892508,-10.950045786798,0.2
143.86,13042,74.52903326570987,171966464,328,13185,0.10947537422180176,0.07196835428476334,0.9113543778657913,1.1815776824951172,2385,0.0003,0.0016885866940583583,0.009783858,1.8464382514357567,-10.953833349049091,0.2
132.69,13035,62.577753137052056,172490752,329,13232,0.10265421867370605,0.07788670808076859,0.9144262298941612,1.1797115802764893,2393,0.0003,0.0007209426032659394,0.010828315,1.8903192370198667,-10.942313365638256,0.2
111.36,13028,51.42948729038238,173015040,330,13280,0.10059261322021484,0.08494221419095993,0.914601095020771,1.1791404485702515,2401,0.0003,0.0004994319256184099,0.009238933,1.966696158517152,-10.938458155840635,0.2
125.54,13020,60.91024448752403,173539328,331,13328,0.10124421119689941,0.09824205189943314,0.9152854606509209,1.1794471740722656,2409,0.0003,0.0003116667967333342,0.008905057,2.0124363657087088,-10.942569941282272,0.2
114.63,13012,52.92692793905735,174063616,332,13376,0.1024632453918457,0.07172983139753342,0.9194361642003059,1.1782957315444946,2417,0.0003,0.0004387828089420509,0.00823703,1.884760512970388,-10.934927519410849,0.2
145.05,13004,68.77302393257618,174587904,333,13425,0.09908151626586914,0.08325937390327454,0.9204660356044769,1.177692174911499,2425,0.0003,0.000553689467096774,0.007643891,1.9229653463698924,-10.930783204734325,0.2
138.21,12995,65.6893530678749,175112192,334,13474,0.1017758846282959,0.08448635041713715,0.9220296964049339,1.1786975860595703,2433,0.0003,8.998078646982322e-05,0.008458763,1.9039081875234842,-10.93546685948968,0.2
121.89,12985,51.88171645402908,175636480,335,13525,0.10477232933044434,0.06829733401536942,0.9220464453101158,1.1770448684692383,2441,0.0003,0.0004994137111680175,0.009468257,1.8809953546151519,-10.927524860948324,0.2
137.25,12974,67.75207029253244,176160768,336,13577,0.11067676544189453,0.07399951666593552,0.9228105247020721,1.1752758026123047,2449,0.0003,0.0003213609891190572,0.009161098,1.8962422874756157,-10.918609861284494,0.2
141.34,12962,63.78361593738198,176685056,337,13630,0.11390066146850586,0.08041892945766449,0.9244734793901443,1.1747815608978271,2457,0.0003,0.0004052894769301929,0.010177627,1.886443555355072,-10.91036607325077,0.2
119.94,12951,48.94648179411888,177209344,338,13682,0.1042635440826416,0.1003403514623642,0.9205414429306984,1.174762487411499,2465,0.0003,-0.00020430817698979808,0.009400524,2.03148115798831,-10.908715024590492,0.2
133.13,12940,63.872170761823654,177733632,339,13734,0.11280488967895508,0.0934249684214592,0.9215401187539101,1.1729763746261597,2473,0.0003,0.00014012792757966963,0.007819554,2.0509010292589664,-10.901319026947021,0.2
127.59,12929,59.872012751102446,178257920,340,13786,0.1229848861694336,0.11692286282777786,0.9240919724106789,1.1725616455078125,2481,0.0003,-0.0001120083568366681,0.009539972,2.2627889653667808,-10.894895169883966,0.2
140.38,12919,73.03469648957253,178782208,341,13837,0.1023245418772978,0.12024751305580139,0.93241086602211,1.172156810760498,2484,0.0003,0.0008617751813931938,0.033193268,2.272826489280252,-10.890342109343585,0.2
139.82,12909,69.46704082250595,179306496,342,13889,0.11470198631286621,0.12458696216344833,0.9353597313165665,1.1723804473876953,2492,0.0003,-0.0002515227859021252,0.0096322335,2.2882556971162558,-10.889048174023628,0.2
127.91,12899,57.36325801730156,179830784,343,13941,0.09368896484375,0.13443905115127563,0.9327061623334885,1.1723860502243042,2494,0.0003,0.001706774479114554,0.026055003,2.523959285683102,-10.889488458633423,0.2
135.58,12888,67.68794218659401,180355072,344,13993,0.11071062088012695,0.1444968283176422,0.933561198413372,1.1730626821517944,2502,0.0003,0.00019219983005314134,0.010233288,2.4990037884563208,-10.888816382735968,0.2
128.97,12878,63.29299989119172,180879360,345,14045,0.10724973678588867,0.12952427566051483,0.932385265827179,1.173142433166504,2510,0.0003,1.772256496224145e-05,0.008546419,2.5103142922744155,-10.891229499131441,0.2
134.78,12867,58.95907184481621,181403648,346,14097,0.10996317863464355,0.1504155993461609,0.9310592636466026,1.1737278699874878,2518,0.0003,0.0002840709476004122,0.008585243,2.5369349448010325,-10.889571778476238,0.2
119.48,12857,61.57703509747982,181927936,347,14149,0.10902667045593262,0.13798417150974274,0.9301209449768066,1.1739063262939453,2526,0.0003,0.0002684777618924272,0.00950578,2.4946594946086407,-10.889776714146137,0.2
103.63,12847,48.25056754767895,182452224,348,14201,0.10096168518066406,0.16790488362312317,0.925835520029068,1.1743769645690918,2534,0.0003,5.0919272098326473e-05,0.008609355,2.6892889039590955,-10.892796456813812,0.2
131.21,12836,67.600347109437,182976512,349,14253,0.10187482833862305,0.15768451988697052,0.9294519573450089,1.1746361255645752,2542,0.0003,9.823631762628793e-05,0.008797475,2.6649674559012055,-10.892213337123394,0.2
129.99,12826,68.86338584244251,183500800,350,14306,0.10145854949951172,0.14264577627182007,0.9338762015104294,1.1736023426055908,2550,0.0003,-2.124067532349727e-05,0.0075548403,2.5607162788510323,-10.887348920106888,0.2
132.58,12817,62.74933032989502,184025088,351,14357,0.10256419462316177,0.17533336579799652,0.9318903386592865,1.1740120649337769,2551,0.0003,0.0017067418940474883,0.015053372,2.7506163120269775,-10.886951334336224,0.2
124.58,12807,54.54063997983933,184549376,352,14409,0.101104736328125,0.14826759696006775,0.9352397546172142,1.172579050064087,2559,0.0003,0.00043100188418065954,0.008397392,2.6461159298196435,-10.879447236657143,0.2
132.82,12798,60.56529071569443,185073664,353,14460,0.0644683837890625,0.9657517671585083,0.9345073625445366,1.172610878944397,2560,0.0003,0.002411000896245241,1.0515753,5.350519955158234,-10.879802703857422,0.2
124.03,12789,56.778898519277575,185597952,354,14511,0.003082275390625,0.17024517059326172,0.9105227962136269,1.1726173162460327,2561,0.0003,-0.000527445663465187,2.1405327,3.3547251224517822,-10.879929065704346,0.2
141.48,12781,80.44736233979464,186122240,355,14562,0.0328216552734375,38.43061828613281,0.910361222922802,1.172648310661316,2562,0.0003,-9.859161218628287e-05,50.743023,98.52561557292938,-10.880012035369873,0.2
122.68,12771,62.02482984185219,186646528,356,14613,0.12694193522135416,0.1641351878643036,0.9401230812072754,1.1728004217147827,2564,0.0003,0.0026637255563400687,0.013379828,2.657207385698954,-10.880294227600098,0.2
127.33,12763,63.998822088241575,187170816,357,14664,0.09413800920758929,0.1640937626361847,0.9415456987917423,1.172886610031128,2565,0.0003,0.0021659912766023937,0.014493221,2.651478580066136,-10.880500657217842,0.2
103.05,12753,50.6807867628336,187695104,358,14717,0.09776711463928223,0.18377892673015594,0.9362888932228088,1.1731910705566406,2573,0.0003,0.0004597060728883662,0.0076020057,2.912786635570228,-10.8819012157619,0.2
146.74,12744,64.94390122413635,188219392,359,14768,0.10314620168585527,0.1602802872657776,0.9431743435561657,1.1736087799072266,2574,0.0003,0.0023116584419959076,0.01236428,2.7228910797520687,-10.883655497902318,0.2
141.42,12735,77.84456633150577,188743680,360,14820,0.10371589660644531,0.12743587791919708,0.9462131895124912,1.1733832359313965,2582,0.0003,0.0006807408569784457,0.009670622,2.575541545636952,-10.883957255631685,0.2
145.88,12725,72.4870975446701,189267968,361,14873,0.10442686080932617,0.1824183166027069,0.9427214525640011,1.1738910675048828,2590,0.0003,0.00121714897613856,0.008341175,2.757095823995769,-10.884799242019653,0.2
120.64,12715,64.56459425330162,189792256,362,14925,0.09868621826171875,0.1880950927734375,0.9395079836249352,1.1726806163787842,2598,0.0003,0.0006207829044342361,0.008695242,2.8900998160243034,-10.876736856997013,0.2
124.79,12706,58.180342312455174,190316544,363,14978,0.10683131217956543,0.19031605124473572,0.938570249825716,1.1723781824111938,2606,0.0003,0.0013563511138272588,0.0090453215,2.9172862209379673,-10.875572726130486,0.2
142.84,12696,80.81127466499805,190840832,364,15030,0.10526847839355469,0.1665233075618744,0.9448005631566048,1.1733145713806152,2614,0.0003,0.0011241165254887164,0.00806991,2.6553060859441757,-10.877535041421652,0.2
136.7,12688,72.13609367191792,191365120,365,15082,0.08795166015625,0.17662732303142548,0.9432628192007542,1.1742072105407715,2615,0.0003,0.0026380629430565496,0.013260289,2.819942629855612,-10.879966652911643,0.2
118.39,12680,55.01747309744358,191889408,366,15133,0.0652008056640625,0.2140810489654541,0.9372631162405014,1.1743659973144531,2616,0.0003,0.0027994028350804,0.019779466,3.4623926877975464,-10.88336181640625,0.2
102.01,12670,41.728033907711506,192413696,367,15185,0.10299038887023926,0.17279142141342163,0.9392639696598053,1.1737570762634277,2624,0.0003,0.0007302342455659527,0.0082667675,2.87524950876832,-10.877110719680786,0.2
143.1,12661,77.14453608870507,192937984,368,15238,0.11143851280212402,0.15905305743217468,0.946386307477951,1.174269199371338,2632,0.0003,0.0009029338450545765,0.009309269,2.71043714415282,-10.876356936991215,0.2
160.41,12651,79.21153210639953,193462272,369,15291,0.10183262825012207,0.15634790062904358,0.948396597057581,1.1744933128356934,2640,0.0003,0.001218748248220436,0.00797118,2.650385702960193,-10.878042120486498,0.2
126.89,12642,66.89153229355811,193986560,370,15343,0.10503983497619629,0.16285422444343567,0.947363018989563,1.1737247705459595,2648,0.0003,0.0007428385990806419,0.0075452803,2.7311359820887446,-10.874154202640057,0.2
128.82,12633,52.65637863457203,194510848,371,15396,0.1141362190246582,0.17199015617370605,0.9441498517990112,1.1741673946380615,2656,0.0003,0.0015231972515721282,0.011157421,2.8326947037130594,-10.8737180121243,0.2
141.95,12624,79.95671601355076,195035136,372,15448,0.10524797439575195,0.18216535449028015,0.9433963224291801,1.174997091293335,2664,0.0003,0.0013666200428588127,0.009091987,2.9069670597091317,-10.87853803485632,0.2
113.97,12615,46.07639032185077,195559424,373,15501,0.10628628730773926,0.1539660394191742,0.9492160491645336,1.1768816709518433,2672,0.0003,0.001151227790160192,0.008961922,2.67168150562793,-10.884237129241228,0.2
131.53,12606,60.4606319463253,196083712,374,15554,0.1037149429321289,0.18123051524162292,0.9477684125304222,1.176604151725769,2680,0.0003,0.0011646864411432034,0.008143393,2.8168585198000073,-10.883517757058144,0.2
138.69,12597,69.62553138419986,196608000,375,15607,0.10950326919555664,0.15818381309509277,0.9489953443408012,1.1763924360275269,2688,0.0003,0.0011863992249345756,0.008146517,2.751683763228357,-10.880926996469498,0.2
124.56,12588,62.45815889954567,197132288,376,15659,0.10504817962646484,0.1875617653131485,0.948977455496788,1.1782147884368896,2696,0.0003,0.0012616013907518209,0.00973438,2.827527856454253,-10.88817073777318,0.2
132.14,12579,55.03896728754044,197656576,377,15712,0.10605216026306152,0.17524757981300354,0.9494488127529621,1.1801217794418335,2704,0.0003,0.001330061860699061,0.009152761,2.776672107167542,-10.898139592260122,0.2
141.03,12570,76.73163807988166,198180864,378,15765,0.10969734191894531,0.18030789494514465,0.9436582699418068,1.1837120056152344,2712,0.0003,0.001418862321997949,0.009264514,2.9968883423134685,-10.918523352593184,0.2
131.79,12561,61.877294574379924,198705152,379,15818,0.10349822044372559,0.18229109048843384,0.9443990886211395,1.1865971088409424,2720,0.0003,0.0014243926586914313,0.007915493,2.919176612049341,-10.934325017035007,0.2
130.76,12552,65.73976211905479,199229440,380,15871,0.11008429527282715,0.16849620640277863,0.9475978203117847,1.1886333227157593,2728,0.0003,0.0015184050430434581,0.009468077,2.7139191329479218,-10.946931399405003,0.2
136.87,12544,68.26209317564964,199753728,381,15923,0.11506175994873047,0.16234801709651947,0.9466466493904591,1.1912519931793213,2736,0.0003,0.0018513178540615627,0.010256542,2.796856377273798,-10.962572779506445,0.2
138.47,12535,74.12302213311196,200278016,382,15976,0.11137771606445312,0.17035937309265137,0.943537063896656,1.191687822341919,2744,0.0003,0.0013698919017315347,0.009495958,2.898559189401567,-10.964326921850443,0.2
128.03,12527,62.96193108305335,200802304,383,16029,0.11030912399291992,0.18552610278129578,0.9441916905343533,1.1907423734664917,2752,0.0003,0.0011929686766052328,0.009181948,2.8649244997650385,-10.960083566606045,0.2
155.04,12518,86.03918807405978,201326592,384,16082,0.10737180709838867,0.15743552148342133,0.9490742199122906,1.1918247938156128,2760,0.0003,0.0013505927074675128,0.011152111,2.6935936892405152,-10.963146023452282,0.2
149.02,12510,82.45207723140716,201850880,385,16135,0.11098647117614746,0.20269113779067993,0.9482092000544071,1.1908587217330933,2768,0.0003,0.0011841087418815732,0.009372008,2.8086737571284175,-10.960761826485395,0.2
131.52,12501,58.07978555515408,202375168,386,16187,0.1069943904876709,0.18703553080558777,0.9445414207875729,1.1924813985824585,2776,0.0003,0.00132103551027285,0.009066419,2.9483397835865617,-10.966419320553541,0.2
140.23,12493,65.82551371335984,202899456,387,16240,0.10870838165283203,0.16842715442180634,0.9468169994652271,1.1931209564208984,2784,0.0003,0.0015390691448828875,0.009604011,2.8086838955059648,-10.967915821820498,0.2
131.31,12485,62.38837339937687,203423744,388,16293,0.10664892196655273,0.16165411472320557,0.9510044567286968,1.1949180364608765,2792,0.0003,0.0013669992463292147,0.007860835,2.66403182875365,-10.980202972888947,0.2
138.9,12476,67.17699925243855,203948032,389,16346,0.10967350006103516,0.17002008855342865,0.946885671466589,1.1961262226104736,2800,0.0003,0.0008365897365365527,0.010610968,2.8438651552423835,-10.987013034522533,0.2
126.48,12468,63.12543198719621,204472320,390,16398,0.10613203048706055,0.183029443025589,0.9436484053730965,1.1970937252044678,2808,0.0003,0.0011691873821746412,0.008750636,2.9364245356991887,-10.993605211377144,0.2
150.42,12460,77.4056286521256,204996608,391,16451,0.10723996162414551,0.17721232771873474,0.9449846185743809,1.199633002281189,2816,0.0003,0.0011349298681579967,0.009565022,2.891586068086326,-11.005507934838533,0.2
135.44,12452,73.7473293864727,205520896,392,16504,0.10831665992736816,0.1791486293077469,0.9472908824682236,1.1997838020324707,2824,0.0003,0.001184074186539874,0.009204226,2.7819795170798898,-11.00967301055789,0.2
137.23,12444,60.94216302037239,206045184,393,16556,0.10665225982666016,0.19514772295951843,0.9451773203909397,1.2013764381408691,2832,0.0003,0.0011560789819213824,0.009177813,2.8956188363954425,-11.019061639904976,0.2
127.92,12436,59.11692149400711,206569472,394,16609,0.10747098922729492,0.20437189936637878,0.9451424963772297,1.2028350830078125,2840,0.0003,0.0014899171296747227,0.008805172,2.916232965886593,-11.027072586119175,0.2
116.9,12429,54.24894736647606,207093760,395,16661,0.10209250450134277,0.17237921059131622,0.9463919065892696,1.2045220136642456,2848,0.0003,0.0012420938678587845,0.008870449,2.8540833853185177,-11.036439195275307,0.2
118.62,12421,48.83227780878544,207618048,396,16714,0.11036825180053711,0.15039074420928955,0.9494389519095421,1.2049047946929932,2856,0.0003,0.001483268907350066,0.008968515,2.7367729898542166,-11.038125183433294,0.2
108.85,12414,46.77942869901657,208142336,397,16766,0.10815871971240942,0.18677252531051636,0.9455429501831532,1.206672191619873,2859,0.0003,0.002147649080776002,0.029035991,2.8794446233390034,-11.042491691699926,0.2
131.52,12406,61.49128631055355,208666624,398,16818,0.10889649391174316,0.18773838877677917,0.9450917057693005,1.2082217931747437,2867,0.0003,0.0015514577482917957,0.009416534,2.9323953045532107,-11.057561483234167,0.2
129.57,12398,53.1194119477272,209190912,399,16871,0.09997224807739258,0.180042564868927,0.9464618749916553,1.2092612981796265,2875,0.0003,0.0007090076699114434,0.008844312,2.8792351027950644,-11.05749860778451,0.2
129.29,12391,58.09983988761902,209715200,400,16924,0.10245728492736816,0.15485650300979614,0.949956439435482,1.2088828086853027,2883,0.0003,0.0010595475048376102,0.008477197,2.7034938000142574,-11.059146244078875,0.2
134.27,12383,62.503968794941905,210239488,401,16976,0.11527299880981445,0.1787155121564865,0.9469920434057713,1.2128225564956665,2891,0.0003,0.0011636295546395559,0.009774595,2.8307568160817027,-11.078362219035625,0.2
104.56,12376,39.766959846913814,210763776,402,17029,0.11312556266784668,0.1734602451324463,0.9488546438515186,1.2166639566421509,2899,0.0003,0.001203954931042972,0.0092706485,2.7896574027836323,-11.09822403639555,0.2
140.48,12368,70.5249550640583,211288064,403,17082,0.10930967330932617,0.16047511994838715,0.9510968253016472,1.216686725616455,2907,0.0003,0.0013578676082488528,0.010042167,2.5999853583052754,-11.102999348193407,0.2
116.16,12361,55.95199558854103,211812352,404,17134,0.0998382568359375,0.15231844782829285,0.9494984112679958,1.2183964252471924,2915,0.0003,0.0008115124064715928,0.007957818,2.7280580634251237,-11.111500844359398,0.2
110.24,12354,41.63078856706619,212336640,405,17187,0.10239124298095703,0.17600959539413452,0.9475915245711803,1.2189468145370483,2923,0.0003,0.0007743687390302512,0.009106664,2.8559271031990647,-11.115041512995958,0.2
129.76,12346,41.32188190579414,212860928,406,17240,0.1061854362487793,0.17319898307323456,0.9488816373050213,1.2197307348251343,2931,0.0003,0.0009572991700679268,0.00800927,2.8100441563874483,-11.119200754910707,0.2
120.03,12340,51.71017660617829,213385216,407,17291,0.09320068359375,0.18169745802879333,0.9478294998407364,1.2197872400283813,2932,0.0003,0.0013241746977049236,0.011332512,2.829229732354482,-11.120224714279175,0.2
129.75,12334,45.683675782084464,213909504,408,17342,0.011515299479166666,1.5376055240631104,0.8722799718379974,1.2198301553726196,2933,0.0003,-0.0002439897507429123,0.052114066,25.97752324740092,-11.120595614115397,0.2
134.2,12327,58.46153423130512,214433792,409,17394,0.017730712890625,7.2875895500183105,-0.9171708822250366,1.2198054790496826,2934,0.0003,-0.0007584847044199705,0.047791567,38.40133547782898,-11.12057876586914,0.2
134.07,12319,59.1947005212307,214958080,410,17448,0.11376727068865741,0.1682170331478119,0.9506304003298283,1.2200645208358765,2935,0.0003,0.002385163882367865,0.01270685,2.748443850764522,-11.120457048769351,0.2
